title,category,venue_name,venue_map_url,price_text,tickets_url,detail_url,description,duration_minutes,price_min,price_max,venue_lat,venue_lng,date,time,language,id,price_currency
A Kind of Madness,,,,,https://www.quicket.co.za/events/320504-a-kind-of-madness/?preview=t,https://woordfees.co.za/program/a-kind-of-madness/,,,,,,,,,AFR,a-kind-of-madness,
ATKV-Tienertoneel se wenproduksie,,,,,https://www.quicket.co.za/events/318399-atkv-tienertoneel-wenproduksie/?preview=t,https://woordfees.co.za/program/atkv-tienertoneel-se-wenproduksie/,,,,,,,,,AFR,atkv-tienertoneel-se-wenproduksie,
Aan tafel met Nataniël: Bloei + Blom – ’n viering van Afrikaans,,,,,https://www.quicket.co.za/events/320276-aan-tafel-met-natanil-bloei-blom/?preview=t,https://woordfees.co.za/program/aan-tafel-met-natanielbloei-blom-n-vieringvan-afrikaans/,,,,,,,,,AFR,aan-tafel-met-nataniël-bloei-blom-n-viering-van-afrikaans,
Aandwandelinge,,,,,https://www.quicket.co.za/events/320529-aandwandelinge/?preview=t,https://woordfees.co.za/program/aandwandelinge/,,,,,,,,,AFR,aandwandelinge,
Afrikaans is 100,,,,,https://www.quicket.co.za/events/318407-afrikaans-is-100/?preview=t,https://woordfees.co.za/program/afrikaans-is-100/,,,,,,,,,AFR,afrikaans-is-100,
Afrikaanse Taalraad,,,,,,https://woordfees.co.za/program/gesprekke-oorafrikaans-afrikaanse-taalraad-die-oordrag-van-taal-tussen-generasies/,,,,,,,,,AFR,afrikaanse-taalraad,
Afterpaartie,,,,,,https://woordfees.co.za/program/afterpaartie/,,,,,,,,,AFR,afterpaartie,
Alan Committie presents Comedy Gold,,,,,https://www.quicket.co.za/events/318658-alan-committie/?preview=t,https://woordfees.co.za/program/alan-committie-presents-comedy-gold/,,,,,,,,,AFR,alan-committie-presents-comedy-gold,
Algemene kennis,,,,,https://www.quicket.co.za/events/318584-algemene-kennis/?preview=t,https://woordfees.co.za/program/algemene-kennis/,,,,,,,,,AFR,algemene-kennis,
Alles wat ons deel,,,,,https://www.quicket.co.za/events/319725-dag-van-posie-alles-wat-ons-deel/?preview=t,https://woordfees.co.za/program/alles-wat-ons-deel/,,,,,,,,,AFR,alles-wat-ons-deel,
Amanda Strydom: Breekgoed en balsem,,,,,https://www.quicket.co.za/events/318590-amanda-strydom-breekgoed-en-balsem/?preview=t,https://woordfees.co.za/program/amanda-strydom-breekgoed-en-balsem/,,,,,,,,,AFR,amanda-strydom-breekgoed-en-balsem,
An Apprenticeship with Sorrow,,,,,https://www.quicket.co.za/events/318370-an-apprenticeship-with-sorrow/?preview=t,https://woordfees.co.za/program/an-apprenticeship-with-sorrow/,,,,,,,,,AFR,an-apprenticeship-with-sorrow,
An Evening of Elegance: A Taste of History,,,,,https://www.quicket.co.za/events/320530-an-evening-of-elegance/?preview=t,https://woordfees.co.za/program/an-evening-of-elegance-a-taste-of-history/,,,,,,,,,AFR,an-evening-of-elegance-a-taste-of-history,
André Schwartz: Gesigte,,,,,https://www.quicket.co.za/events/318594-andr-schwartz-gesigte/?preview=t,https://woordfees.co.za/program/andre-schwartz-gesigte/,,,,,,,,,AFR,andré-schwartz-gesigte,
Annie+Helen,,,,,https://www.quicket.co.za/events/318404-anniehelen/?preview=t,https://woordfees.co.za/program/anniehelen/,,,,,,,,,AFR,anniehelen,
Antjie Krog: Binnerym van bloed,,,,,https://www.quicket.co.za/events/318636-antjie-krog-binnerym-van-bloed/?preview=t,https://woordfees.co.za/program/antjie-krog-binnerym-van-bloed/,,,,,,,,,AFR,antjie-krog-binnerym-van-bloed,
Argitektoniese wandelinge: Middedorp,,,,,https://www.quicket.co.za/events/320470-argitektoniese-wandelinge-middedorp/?preview=t,https://woordfees.co.za/program/argitektoniese-wandelinge-middedorp/,,,,,,,,,AFR,argitektoniese-wandelinge-middedorp,
Argitektoniese wandelinge: Om Die Braak,,,,,https://www.quicket.co.za/events/320472-argitektoniese-wandelinge-om-die-braak/?preview=t,https://woordfees.co.za/program/argitektoniese-wandelinge-om-die-braak/,,,,,,,,,AFR,argitektoniese-wandelinge-om-die-braak,
Artwashing Juxtaposed,,,,,,https://woordfees.co.za/program/artwashing-juxtaposed/,,,,,,,,,AFR,artwashing-juxtaposed,
Ateljeebesoeke: Izette Roos,,,,,https://www.quicket.co.za/events/320444-ateljeebesoeke-izette-roos/?preview=t,https://woordfees.co.za/program/ateljeebesoeke-izette-roos/,,,,,,,,,AFR,ateljeebesoeke-izette-roos,
Ateljeebesoeke: Katie Ferringer,,,,,https://www.quicket.co.za/events/320447-ateljeebesoeke-katie-farringer/?preview=t,https://woordfees.co.za/program/ateljeebesoeke-katie-ferringer/,,,,,,,,,AFR,ateljeebesoeke-katie-ferringer,
Ateljeebesoeke: Lunga Kama,,,,,https://www.quicket.co.za/events/320451-ateljeebesoeke-lunga-kama/?preview=t,https://woordfees.co.za/program/ateljeebesoeke-lunga-kama/,,,,,,,,,AFR,ateljeebesoeke-lunga-kama,
Ateljeebesoeke: Marianne Burger,,,,,https://www.quicket.co.za/events/320453-ateljeebesoeke-marianne-burger/?preview=t,https://woordfees.co.za/program/ateljeebesoeke-marianne-burger/,,,,,,,,,AFR,ateljeebesoeke-marianne-burger,
Ateljeebesoeke: Marinda du Toit,,,,,https://www.quicket.co.za/events/320454-ateljeebesoeke-marinda-du-toit/?preview=t,https://woordfees.co.za/program/ateljeebesoeke-marinda-du-toit/,,,,,,,,,AFR,ateljeebesoeke-marinda-du-toit,
Ateljeebesoeke: Mona Haumann,,,,,https://www.quicket.co.za/events/320456-ateljeebesoeke-mona-haumann/?preview=t,https://woordfees.co.za/program/ateljeebesoeke-mona-haumann/,,,,,,,,,AFR,ateljeebesoeke-mona-haumann,
Ateljeebesoeke: Paula van Coller,,,,,https://www.quicket.co.za/events/320458-ateljeebesoeke-paula-van-coller/?preview=t,https://woordfees.co.za/program/ateljeebesoeke-paula-van-coller/,,,,,,,,,AFR,ateljeebesoeke-paula-van-coller,
Ateljeebesoeke: Trude Gunther,,,,,https://www.quicket.co.za/app/#/account/event/320460/dashboard,https://woordfees.co.za/program/ateljeebesoeke-trude-gunther/,,,,,,,,,AFR,ateljeebesoeke-trude-gunther,
Ateljeebesoeke: Zonia Scheffer,,,,,https://www.quicket.co.za/events/320462-ateljeebesoeke-zonia-schiffer/?preview=t,https://woordfees.co.za/program/ateljeebesoeke-zonia-schiffer/,,,,,,,,,AFR,ateljeebesoeke-zonia-scheffer,
B(l)ind the Sacrifice,,,,,,https://woordfees.co.za/program/blind-the-sacrifice/,,,,,,,,,AFR,blind-the-sacrifice,
Bacchus tot Bekker,,,,,https://www.quicket.co.za/events/318504-bacchus-tot-bekker/?preview=t,https://woordfees.co.za/program/bacchus-tot-bekker/,,,,,,,,,AFR,bacchus-tot-bekker,
Bach to Bolling,,,,,https://www.quicket.co.za/events/318585-bach-to-bolling/?preview=t,https://woordfees.co.za/program/bach-to-bolling/,,,,,,,,,AFR,bach-to-bolling,
Baljaar: SA Hits,,,,,https://www.quicket.co.za/events/318599-baljaar-sa-hits/?preview=t,https://woordfees.co.za/program/baljaar-sa-hits/,,,,,,,,,AFR,baljaar-sa-hits,
Beeld: Die laaste dae,,,,,https://www.quicket.co.za/events/319623-beeld-die-laaste-dae/?preview=t,https://woordfees.co.za/program/beeld-die-laaste-dae/,,,,,,,,,AFR,beeld-die-laaste-dae,
Beethoven Triple Concerto,,,,,https://www.quicket.co.za/events/318589-beethoven-triple-concerto/?preview=t,https://woordfees.co.za/program/beethoven-triple-concerto/,,,,,,,,,AFR,beethoven-triple-concerto,
Before we get too cozy,,,,,https://www.quicket.co.za/events/319624-before-it-gets-too-cozy/?preview=t,https://woordfees.co.za/program/before-we-get-too-cozy/,,,,,,,,,AFR,before-we-get-too-cozy,
Behind prison walls,,,,,https://www.quicket.co.za/events/319627-behind-prison-walls/?preview=t,https://woordfees.co.za/program/behind-prison-walls/,,,,,,,,,AFR,behind-prison-walls,
Bergie,,,,,,https://woordfees.co.za/program/bergie/,,,,,,,,,AFR,bergie,
Beurk!,,,,,,https://woordfees.co.za/program/beurk/,,,,,,,,,AFR,beurk,
Beyond: A Fantasy Cirque Experience,,,,,https://www.quicket.co.za/events/318574-beyond/?preview=t,https://woordfees.co.za/program/beyond-a-fantasy-cirque-experience/,,,,,,,,,AFR,beyond-a-fantasy-cirque-experience,
Bitterkomix: Sketchbooks and Journals,,,,,https://www.quicket.co.za/events/319633-bitterkomix-sketchbooks-and-journals/?preview=t,https://woordfees.co.za/program/bitterkomix-sketchbooks-andjournals/,,,,,,,,,AFR,bitterkomix-sketchbooks-and-journals,
Blydskap: ’n Slypskool,,,,,https://www.quicket.co.za/events/320484-blydskap-n-slypskool/?preview=t,https://woordfees.co.za/program/blydskap-n-slypskool/,,,,,,,,,AFR,blydskap-n-slypskool,
Boek-deel,,,,,,https://woordfees.co.za/program/boek-deel/,,,,,,,,,AFR,boek-deel,
Boesman en Lena,,,,,https://www.quicket.co.za/events/319618-boesman-en-lena/?preview=t#/,https://woordfees.co.za/program/boesman-en-lena/,,,,,,,,,AFR,boesman-en-lena,
Boklied,,,,,https://www.quicket.co.za/events/318643-boklied/?preview=t,https://woordfees.co.za/program/boklied/,,,,,,,,,AFR,boklied,
Boys R Back,,,,,https://www.quicket.co.za/events/319481-boys-r-back/?preview=t,https://woordfees.co.za/program/boys-r-back/,,,,,,,,,AFR,boys-r-back,
Brandstof,,,,,https://www.quicket.co.za/events/319634-brandstof/?preview=t,https://woordfees.co.za/program/brandstof/,,,,,,,,,AFR,brandstof,
Bridling,,,,,https://www.quicket.co.za/events/318661-bridling/?preview=t,https://woordfees.co.za/program/bridling/,,,,,,,,,AFR,bridling,
Cape Ballet Africa: SALT,,,,,https://www.quicket.co.za/events/318547-cape-ballet-africa/?preview=t,https://woordfees.co.za/program/cape-ballet-africa-salt/,,,,,,,,,AFR,cape-ballet-africa-salt,
Cape Town Camerata: A Cappella,,,,,https://www.quicket.co.za/events/318592-cape-town-camerata-a-cappella/?preview=t,https://woordfees.co.za/program/cape-town-camerata-a-cappella/,,,,,,,,,AFR,cape-town-camerata-a-cappella,
Captain Kwanda’s Fanplastic Adventures,,,,,https://www.quicket.co.za/events/318601-captain-kwandas-fanplastic-adventures/?preview=t,https://woordfees.co.za/program/captain-kwandas-fanplastic-adventures/,,,,,,,,,AFR,captain-kwandas-fanplastic-adventures,
Charl du Plessis: All by Myself,,,,,https://www.quicket.co.za/events/318596-charl-du-plessis-all-by-myself/?preview=t,https://woordfees.co.za/program/charl-du-plessis-all-by-myself/,,,,,,,,,AFR,charl-du-plessis-all-by-myself,
Climate-Smart Agriculture,,,,,,https://woordfees.co.za/program/climate-smart-agriculture/,,,,,,,,,AFR,climate-smart-agriculture,
Coenie de Villiers: Wie kan my sê van die liefde?,,,,,https://www.quicket.co.za/events/318603-coenie-de-villiers-wie-kan-my-s-van-die-liefde/?preview=t,https://woordfees.co.za/program/coenie-de-villiers-wie-kan-my-se-van-die-liefde/,,,,,,,,,AFR,coenie-de-villiers-wie-kan-my-sê-van-die-liefde,
Coffee Snobs: Die reis,,,,,https://www.quicket.co.za/events/318638-coffee-snobs-die-reis/?preview=t,https://woordfees.co.za/program/coffee-snobs-die-reis/,,,,,,,,,AFR,coffee-snobs-die-reis,
Coffee and Cigarettes,,,,,https://www.quicket.co.za/events/319849-neem-deel-coffee-and-cigarettes/?preview=t,https://woordfees.co.za/program/coffee-and-cigarettes/,,,,,,,,,AFR,coffee-and-cigarettes,
Comrades-legende: Louis Massyn,,,,,https://www.quicket.co.za/events/319636-comrades-legende-louis-massyn/?preview=t,https://woordfees.co.za/program/comrades-legende-louis-massyn/,,,,,,,,,AFR,comrades-legende-louis-massyn,
Concerto: ’n Pianis op reis met Parkinson se siekte,,,,,https://www.quicket.co.za/events/320503-concerto-n-pianis-op-reis-met-parkinson-siekte/?preview=t#/,https://woordfees.co.za/program/concerto-n-pianis-op-reis-met-parkinson-se-siekte/,,,,,,,,,AFR,concerto-n-pianis-op-reis-met-parkinson-se-siekte,
Crave,,,,,,https://woordfees.co.za/program/crave/,,,,,,,,,AFR,crave,
Da Capo!,,,,,https://www.quicket.co.za/events/318598-da-capo/?preview=t,https://woordfees.co.za/program/da-capo/,,,,,,,,,AFR,da-capo,
Daar is Pinotage in my tee,,,,,https://www.quicket.co.za/events/319862-daar-is-pinotage-in-my-tee/?preview=t,https://woordfees.co.za/program/daar-is-pinotage-in-my-tee/,,,,,,,,,AFR,daar-is-pinotage-in-my-tee,
Dagbreek-straatmyl,,,,,,https://woordfees.co.za/program/dagbreek-straatmyl/,,,,,,,,,AFR,dagbreek-straatmyl,
De(e)lulu,,,,,https://www.quicket.co.za/events/319638-neem-deel-deelulu/?preview=t,https://woordfees.co.za/program/deelulu/,,,,,,,,,AFR,deelulu,
Dead Poets Society,,,,,https://www.quicket.co.za/events/319723-dag-van-posie-dead-poets-society/?preview=t,https://woordfees.co.za/program/dead-poets-society/,,,,,,,,,AFR,dead-poets-society,
Deur die sterre gelei: Die Deneys Reitz-trilogie,,,,,https://www.quicket.co.za/events/319642-geskiedenisdag-deur-die-sterre-gelei-die-deneys-reitz-trilogie/?preview=t,https://woordfees.co.za/program/deur-die-sterre-gelei-die-deneys-reitz-trilogie/,,,,,,,,,AFR,deur-die-sterre-gelei-die-deneys-reitz-trilogie,
Die Anglo-Boereoorlog in kleur (Volume 2),,,,,https://www.quicket.co.za/events/319643-geskiedenisdag-die-anglo-boereoorlog-in-kleur-volume-2/?preview=t,https://woordfees.co.za/program/die-anglo-boereoorlog-in-kleur-volume-2/,,,,,,,,,AFR,die-anglo-boereoorlog-in-kleur-volume-2,
Die Vyftigers,,,,,https://www.quicket.co.za/events/318657-die-vyftigers/?preview=t,https://woordfees.co.za/program/die-vyftigers/,,,,,,,,,AFR,die-vyftigers,
Die deurstraalde woord,,,,,https://www.quicket.co.za/events/318523-die-deurstraalde-woord/?preview=t,https://woordfees.co.za/program/die-deurstraalde-woord/,,,,,,,,,AFR,die-deurstraalde-woord,
Die een wat bly,,,,,https://www.quicket.co.za/events/318669-die-een-wat-bly/?preview=t,https://woordfees.co.za/program/die-een-wat-bly/,,,,,,,,,AFR,die-een-wat-bly,
Die kabinet,,,,,https://www.quicket.co.za/events/320284-die-kabinet/?preview=t,https://woordfees.co.za/program/die-kabinet/,,,,,,,,,AFR,die-kabinet,
Die koning en sy bruid,,,,,https://www.quicket.co.za/events/319435-die-koning-en-sy-bruid/?preview=t,https://woordfees.co.za/program/die-koning-en-sy-bruid/,,,,,,,,,AFR,die-koning-en-sy-bruid,
Die mag van twee,,,,,https://www.quicket.co.za/events/318600-die-mag-van-twee/?preview=t,https://woordfees.co.za/program/die-mag-van-twee/,,,,,,,,,AFR,die-mag-van-twee,
Die môrestond het goud in die mond,,,,,,https://woordfees.co.za/program/die-morestond-het-goud-in-die-mond/,,,,,,,,,AFR,die-môrestond-het-goud-in-die-mond,
Die olifant,,,,,https://www.quicket.co.za/events/318356-die-olifant/,https://woordfees.co.za/program/die-olifant/,,,,,,,,,AFR,die-olifant,
Die piesangskille,,,,,https://www.quicket.co.za/events/318415-die-piesangskille/?preview=t,https://woordfees.co.za/program/die-piesangskille/,,,,,,,,,AFR,die-piesangskille,
Die siel van Eugène Marais,,,,,https://www.quicket.co.za/events/318607-die-siel-van-eugene-marais/?preview=t,https://woordfees.co.za/program/die-siel-van-eugene-marais/,,,,,,,,,AFR,die-siel-van-eugène-marais,
Die spreekkamer / The “Speaking Room”,,,,,https://www.quicket.co.za/events/318565-die-spreekkamer-the-speaking-room/?preview=t,https://woordfees.co.za/program/die-spreekkamer-the-speaking-room/,,,,,,,,,AFR,die-spreekkamer-the-speaking-room,
Die storie van Vivaldi se “Vier Seisoene”,,,,,https://www.quicket.co.za/events/318525-die-storie-van-vivaldi-se-vier-seisoene/?preview=t,https://woordfees.co.za/program/die-storie-van-vivaldi-se-vier-seisoene/,,,,,,,,,AFR,die-storie-van-vivaldi-se-vier-seisoene,
Die veldhospitaal,,,,,https://www.quicket.co.za/events/320489-veldhostpitaal-week-kaartjieveldhostpitaal-dag-kaartjie-veldhostpitaal-halfda/?preview=t,https://woordfees.co.za/program/die-veldhospitaal/,,,,,,,,,AFR,die-veldhospitaal,
Dis Zamar lekker!,,,,,https://www.quicket.co.za/events/318552-dis-zamar-lekker/?preview=t,https://woordfees.co.za/program/dis-zamar-lekker/,,,,,,,,,AFR,dis-zamar-lekker,
Draai na My,,,,,https://www.quicket.co.za/events/319714-dag-van-posie-draai-na-my/?preview=t,https://woordfees.co.za/program/draai-na-my/,,,,,,,,,AFR,draai-na-my,
Drie van die bestes,,,,,https://www.quicket.co.za/events/319654-drie-van-die-bestes?preview=t#/,https://woordfees.co.za/program/drie-van-die-bestes/,,,,,,,,,AFR,drie-van-die-bestes,
Dylan Lewis Beeldetuin: Begeleide toer,,,,,https://www.quicket.co.za/events/320465-dylan-lewis-beeldetuin-begeleide-toer/?preview=t,https://woordfees.co.za/program/dylan-lewis-beeldetuin-begeleide-toer/,,,,,,,,,AFR,dylan-lewis-beeldetuin-begeleide-toer,
Early B & Salome,,,,,https://www.quicket.co.za/events/318510-early-b-salome/?preview=t,https://woordfees.co.za/program/early-b-salome/,,,,,,,,,AFR,early-b-salome,
EasyEquities finansiële gesprekreeks: The Art of Collecting,,,,,https://www.quicket.co.za/events/320527-the-art-of-collecting/#/,https://woordfees.co.za/program/easyequities-finansiele-gesprekreeks-the-art-of-collecting-waarom-jy-kuns-wyn-en-juweliersware-moet-versamel/,,,,,,,,,AFR,easyequities-finansiële-gesprekreeks-the-art-of-collecting,
Echoes of the New World,,,,,https://www.quicket.co.za/events/318602-echoes-of-the-new-world/?preview=t,https://woordfees.co.za/program/echoes-of-the-new-world/,,,,,,,,,AFR,echoes-of-the-new-world,
"Een deel dit, een deel dat",,,,,https://www.quicket.co.za/events/319670-een-deel-dit-ander-deel-dat?preview=t#/,https://woordfees.co.za/program/een-deel-dit-een-deel-dat/,,,,,,,,,AFR,een-deel-dit-een-deel-dat,
Een vir my baby!,,,,,https://www.quicket.co.za/events/319739-een-vir-my-baby?preview=t#/,https://woordfees.co.za/program/een-vir-my-baby/,,,,,,,,,AFR,een-vir-my-baby,
Egúngún (maskerade),,,,,,https://woordfees.co.za/program/egungun-maskerade/,,,,,,,,,AFR,egúngún-maskerade,
Ek is nie Danie,,,,,https://www.quicket.co.za/events/319747-ek-is-nie-danie?preview=t#/,https://woordfees.co.za/program/ek-is-nie-danie/,,,,,,,,,AFR,ek-is-nie-danie,
Ek koop my eie blomme,,,,,https://www.quicket.co.za/events/319751-ek-koop-my-eie-blomme?preview=t#/,https://woordfees.co.za/program/ek-koop-my-eie-blomme/,,,,,,,,,AFR,ek-koop-my-eie-blomme,
Ek sou kon doen met ’n miljoen: Alternatiewe beleggings: Wat werk buite die boks?,,,,,,https://woordfees.co.za/program/ek-sou-kon-doen-met-n-miljoen-alternatiewe-beleggings-wat-werk-buite-die-boks/,,,,,,,,,AFR,ek-sou-kon-doen-met-n-miljoen-alternatiewe-beleggings-wat-werk-buite-die-boks,
Ek sou kon doen met ’n miljoen: Beleggings: Hoe word ek geld se baas?,,,,,,https://woordfees.co.za/program/ek-sou-kon-doen-met-n-miljoen-beleggings-hoe-word-ek-geld-se-baas/,,,,,,,,,AFR,ek-sou-kon-doen-met-n-miljoen-beleggings-hoe-word-ek-geld-se-baas,
Ek sou kon doen met ’n miljoen: Kripto: ’n Piramideskema of die nuwe monetêre stelsel?,,,,,,https://woordfees.co.za/program/ek-sou-kon-doen-met-n-miljoen-kripto-n-piramideskema-of-die-nuwe-monetere-stelsel/,,,,,,,,,AFR,ek-sou-kon-doen-met-n-miljoen-kripto-n-piramideskema-of-die-nuwe-monetêre-stelsel,
Elogio de la Danza/   In Praise of Dance,,,,,https://www.quicket.co.za/events/318532-elogio-de-la-danza/?preview=t,https://woordfees.co.za/program/elogio-de-la-danza-in-praise-of-dance/,,,,,,,,,AFR,elogio-de-la-danza-in-praise-of-dance,
Elvis Blue: Musiek vir die langpad,,,,,https://www.quicket.co.za/events/319658-elvis-blue-musiek-vir-die-langpad?preview=t#/,https://woordfees.co.za/program/elvis-blue-musiek-vir-die-langpad/,,,,,,,,,AFR,elvis-blue-musiek-vir-die-langpad,
Erfdeel,,,,,,https://woordfees.co.za/program/erfdeel/,,,,,,,,,AFR,erfdeel,
Evita @ 90,,,,,https://www.quicket.co.za/events/318566-evita-90/?preview=t,https://woordfees.co.za/program/evita-90/,,,,,,,,,AFR,evita-90,
FEDA-wenner,,,,,https://www.quicket.co.za/events/318672-feda-the-story-of-herself/?preview=t,https://woordfees.co.za/program/feda-wenner/,,,,,,,,,AFR,feda-wenner,
Fees van die Woord,,,,,,https://woordfees.co.za/program/fees-van-die-woord/,,,,,,,,,AFR,fees-van-die-woord,
Feeskunstenaars: Rondleiding,,,,,,https://woordfees.co.za/program/feeskunstenaars-rondleiding/,,,,,,,,,AFR,feeskunstenaars-rondleiding,
Feeskunstenaars: Uitstalling,,,,,,https://woordfees.co.za/program/feeskunstenaars-uitstalling/,,,,,,,,,AFR,feeskunstenaars-uitstalling,
Filmmaakwerksessie met Pluto Panoussis: Dignity in Disgrace,,,,,,https://woordfees.co.za/program/filmmaakwerksessie-met-pluto-panoussis-dignity-in-disgrace/,,,,,,,,,AFR,filmmaakwerksessie-met-pluto-panoussis-dignity-in-disgrace,
Frank Opperman: Oppermanaf,,,,,https://www.quicket.co.za/events/318660-frank-opperman-opperman-af/?preview=t,https://woordfees.co.za/program/frank-opperman-oppermanaf/,,,,,,,,,AFR,frank-opperman-oppermanaf,
From Cape Town to Leipzig,,,,,https://www.quicket.co.za/events/318604-from-cape-town-to-leipzig/?preview=t,https://woordfees.co.za/program/from-cape-town-to-leipzig/,,,,,,,,,AFR,from-cape-town-to-leipzig,
GAT,,,,,https://www.quicket.co.za/events/319589-gat/?preview=t,https://woordfees.co.za/program/gat/,,,,,,,,,AFR,gat,
GENZ IRL,,,,,,https://woordfees.co.za/program/naggesprekke-driftig-in-die-doker-genz-irl/,,,,,,,,,AFR,genz-irl,
Gabriel’s Oboe,,,,,https://www.quicket.co.za/events/318606-gabriels-oboe/?preview=t,https://woordfees.co.za/program/gabriels-oboe/,,,,,,,,,AFR,gabriels-oboe,
"Gayle, taal van verset",,,,,,https://woordfees.co.za/program/gesprekke-oor-afrikaans-gayle-kodetaal-van-die-liefde/,,,,,,,,,AFR,gayle-taal-van-verset,
Gebou soos Steffi Graf,,,,,https://www.quicket.co.za/events/319756-gebou-soos-steffi-graf?preview=t#/,https://woordfees.co.za/program/gebou-soos-steffi-graf/,,,,,,,,,AFR,gebou-soos-steffi-graf,
Gerda Taljaard: Die grafdigter,,,,,https://www.quicket.co.za/events/319645-gerda-taljaard-die-grafdigter/?preview=t,https://woordfees.co.za/program/gerda-taljaard-die-grafdigter/,,,,,,,,,AFR,gerda-taljaard-die-grafdigter,
"Geseënd, gewild, gelees",,,,,https://www.quicket.co.za/events/319646-gesend-gewild-gelees/#/,https://woordfees.co.za/program/geseend-gewild-gelees/,,,,,,,,,AFR,geseënd-gewild-gelees,
Geskiedenisdag: Historiese boeke,,,,,https://www.quicket.co.za/events/320492-geskiedenisdag-dagkaartjie/?ref=events-list#/,https://woordfees.co.za/program/geskiedenisdag-historiese-boeke/,,,,,,,,,AFR,geskiedenisdag-historiese-boeke,
Geslagsregister: Die politiek vanfamilieboerdery,,,,,,https://woordfees.co.za/program/geslagsregister-die-politiek-vanfamilieboerdery/,,,,,,,,,AFR,geslagsregister-die-politiek-vanfamilieboerdery,
Gesprekke en menings: Filosofiekafee,,,,,https://www.quicket.co.za/events/318673-filosofiekafee/?preview=t#/,https://woordfees.co.za/program/gesprekke-en-menings-filosofiekafee/,,,,,,,,,AFR,gesprekke-en-menings-filosofiekafee,
Grommels,,,,,https://www.quicket.co.za/events/318610-grommels/?preview=t,https://woordfees.co.za/program/grommels/,,,,,,,,,AFR,grommels,
Généalogie de la violence (genealogie van geweld),,,,,,https://woordfees.co.za/program/genealogie-de-la-violence-genealogie-van-geweld/,,,,,,,,,AFR,généalogie-de-la-violence-genealogie-van-geweld,
Hentie van der Merwe: After de Jongh,,,,,,https://woordfees.co.za/program/hentie-van-der-merwe-after-de-jongh/,,,,,,,,,AFR,hentie-van-der-merwe-after-de-jongh,
High School Poetry Slam,,,,,https://www.quicket.co.za/events/320279-high-school-poetry-slam/?preview=t,https://woordfees.co.za/program/high-school-poetry-slam/,,,,,,,,,AFR,high-school-poetry-slam,
Hoe speel die orrel sit-sit so?,,,,,https://www.quicket.co.za/events/319753-hoe-speel-die-orrel-sit-sit-so/?preview=t,https://woordfees.co.za/program/hoe-speel-die-orrel-sit-sit-so/,,,,,,,,,AFR,hoe-speel-die-orrel-sit-sit-so,
Hollywood on the Veld,,,,,https://www.quicket.co.za/events/319650-hollywood-on-the-veld/?preview=t,https://woordfees.co.za/program/hollywood-on-the-veld/,,,,,,,,,AFR,hollywood-on-the-veld,
Hoort,,,,,https://www.quicket.co.za/events/318614-hoort/?preview=t,https://woordfees.co.za/program/hoort/,,,,,,,,,AFR,hoort,
Hortjies dig: Die storie van die digter Peter Blum,,,,,https://www.quicket.co.za/events/318676-hortjies-dig-die-storie-van-digter-peter-blum/?preview=t,https://woordfees.co.za/program/hortjies-dig-die-storie-van-die-digter-peter-blum/,,,,,,,,,AFR,hortjies-dig-die-storie-van-die-digter-peter-blum,
Huis van sand,,,,,https://www.quicket.co.za/events/318521-huis-van-sand/?preview=t,https://woordfees.co.za/program/huis-van-sand/,,,,,,,,,AFR,huis-van-sand,
Hunger Games: How Writers Survive,,,,,https://www.quicket.co.za/events/319653-hunger-games-how-writers-survive/?preview=t,https://woordfees.co.za/program/hunger-games-how-writers-survive/,,,,,,,,,AFR,hunger-games-how-writers-survive,
In die naam van vrede / In the Name of Peace,,,,,https://www.quicket.co.za/events/318340-in-the-name-of-peacein-die-naam-van-vrede/,https://woordfees.co.za/program/in-die-naam-van-vrede-in-the-name-of-peace/,,,,,,,,,AFR,in-die-naam-van-vrede-in-the-name-of-peace,
In sy element,,,,,https://www.quicket.co.za/events/319717-dag-van-posie-in-sy-element/?preview=t,https://woordfees.co.za/program/in-sy-element/,,,,,,,,,AFR,in-sy-element,
InVia-gespreksreeks: Ontdoof: Fluisterings in stilte,,,,,,https://woordfees.co.za/program/invia-gespreksreeks-ontdoof-fluisterings-in-stilte/,,,,,,,,,AFR,invia-gespreksreeks-ontdoof-fluisterings-in-stilte,
InVia-gespreksreeks: Stil-weg: Gedagtes oor stilte en vertroue,,,,,,https://woordfees.co.za/program/invia-gespreksreeks-stil-weg-gedagtes-oor-stilte-en-vertroue/,,,,,,,,,AFR,invia-gespreksreeks-stil-weg-gedagtes-oor-stilte-en-vertroue,
Indigenous Garden Plants: A Garden Walk,,,,,https://www.quicket.co.za/events/320287-indigenous-garden-plants-a-garden-walk/?preview=t,https://woordfees.co.za/program/indigenous-garden-plants-a-garden-walk/,,,,,,,,,AFR,indigenous-garden-plants-a-garden-walk,
Jazz at the Konserve: Ramon Alexander Quintet – The throwback project,,,,,https://www.quicket.co.za/events/319730-jazz-at-the-konserve-ramon-alexander-trio/?preview=t,https://woordfees.co.za/program/jazz-at-the-konserve-ramon-alexander-quintet-the-throwback-project/,,,,,,,,,AFR,jazz-at-the-konserve-ramon-alexander-quintet-the-throwback-project,
Jazz at the Konserve: Schalk Joubert Band ft. Sima Mashazi,,,,,https://www.quicket.co.za/events/319593-jazz-at-the-konserve-schalk-joubert-band-ft-sima-mashazi/?preview=t,https://woordfees.co.za/program/jazz-at-the-konserve-schalk-joubert-band-ft-sima-mashazi/,,,,,,,,,AFR,jazz-at-the-konserve-schalk-joubert-band-ft-sima-mashazi,
Jazz at the Konserve: The Melisizwe Plaatjie Collective,,,,,https://www.quicket.co.za/events/319729-jazz-at-the-konserve-the-melisizwe-plaatjie-collective/?preview=t,https://woordfees.co.za/program/jazz-at-the-konserve-the-melisizwe-plaatjie-collective/,,,,,,,,,AFR,jazz-at-the-konserve-the-melisizwe-plaatjie-collective,
Jazzart Dance Theatre: Portals and petals; the subtle alchemy of my grandmother’s dreams,,,,,https://www.quicket.co.za/events/318680-jazzart-showcase/?preview=t,https://woordfees.co.za/program/jazzart-showcase/,,,,,,,,,AFR,jazzart-dance-theatre-portals-and-petals-the-subtle-alchemy-of-my-grandmothers-dreams,
Joe Barber 25,,,,,https://www.quicket.co.za/events/319675-joe-barber?preview=t#/,https://woordfees.co.za/program/joe-barber-25/,,,,,,,,,AFR,joe-barber-25,
Jopie Fourie: ’n Besinning,,,,,https://www.quicket.co.za/events/319657-geskiedenisdag-jopie-fourie-n-besinning/?preview=t,https://woordfees.co.za/program/jopie-fourie-n-besinning/,,,,,,,,,AFR,jopie-fourie-n-besinning,
Joshlin: Meer as ’n naam,,,,,https://www.quicket.co.za/events/318526-joshlin/?preview=t,https://woordfees.co.za/program/joshlin-meer-as-n-naam/,,,,,,,,,AFR,joshlin-meer-as-n-naam,
Jou mase taal: Afrikaans se komvandaans en waarnatoes,,,,,,https://woordfees.co.za/program/gesprekke-oor-afrikaans-jou-mase-taal-afrikaans-se-komvandaans-en-waarnatoes/,,,,,,,,,AFR,jou-mase-taal-afrikaans-se-komvandaans-en-waarnatoes,
Jy sal my nie glo nie,,,,,https://www.quicket.co.za/events/318616-jy-sal-my-nie-glo-nie/?preview=t,https://woordfees.co.za/program/jy-sal-my-nie-glo-nie/,,,,,,,,,AFR,jy-sal-my-nie-glo-nie,
Jy wil wát word?!,,,,,,https://woordfees.co.za/program/naggesprekke-driftig-in-die-donker-jy-wil-wat-word/,,,,,,,,,AFR,jy-wil-wát-word,
Kamphoer – die verhaal van Susan Nell,,,,,https://www.quicket.co.za/events/331883-kamphoer/#/,https://woordfees.co.za/program/kamphoer-die-verhaal-van-susan-nell/,,,,,,,,,AFR,kamphoer-die-verhaal-van-susan-nell,
Karnaval van die diere,,,,,https://www.quicket.co.za/events/318609-karnaval-van-die-diere/?preview=t,https://woordfees.co.za/program/karnaval-van-die-diere/,,,,,,,,,AFR,karnaval-van-die-diere,
Kinderlê,,,,,https://www.quicket.co.za/events/319620-kinderl?preview=t#/,https://woordfees.co.za/program/kinderle/,,,,,,,,,AFR,kinderlê,
Klankbord van liefde: Tussen hartseer en hoop,,,,,https://www.quicket.co.za/events/320266-klankbord-van-liefde-tussen-hartseer-en-hoop/?preview=t,https://woordfees.co.za/program/klankbord-van-liefde-tussen-hartseer-en-hoop/,,,,,,,,,AFR,klankbord-van-liefde-tussen-hartseer-en-hoop,
Klavier-extravaganza II,,,,,https://www.quicket.co.za/events/318612-klavier-extravaganza-ii/?preview=t,https://woordfees.co.za/program/klavier-extravaganza-ii/,,,,,,,,,AFR,klavier-extravaganza-ii,
Kleurglasvensters van die Moederkerk,,,,,https://www.quicket.co.za/events/319754-kleurglasvensters-van-die-moederkerk/?preview=t,https://woordfees.co.za/program/kleurglasvensters-van-die-moederkerk/,,,,,,,,,AFR,kleurglasvensters-van-die-moederkerk,
Koesterkos,,,,,https://www.quicket.co.za/events/320280-koesterkos/#/,https://woordfees.co.za/program/koesterkos/,,,,,,,,,AFR,koesterkos,
Koffiekan: Bach se Koffiekantate (in Afrikaans) en ander Afrikaanse koffietreffers,,,,,https://www.quicket.co.za/events/318615-koffiekan/?preview=t,https://woordfees.co.za/program/koffiekan-bach-se-koffiekantate-in-afrikaans-en-ander-afrikaanse-koffietreffers/,,,,,,,,,AFR,koffiekan-bach-se-koffiekantate-in-afrikaans-en-ander-afrikaanse-koffietreffers,
Kompoun,,,,,https://www.quicket.co.za/events/318569-kompoun/?preview=t,https://woordfees.co.za/program/kompoun/,,,,,,,,,AFR,kompoun,
"Koos, Koos en andermeesters: 100 jaar se wenresepte",,,,,https://www.quicket.co.za/events/318620-koos-koos-en-ander-meesters-100-jaar-se-wenresepte/?preview=t,https://woordfees.co.za/program/koos-koos-en-andermeesters-100-jaar-se-wenresepte/,,,,,,,,,AFR,koos-koos-en-andermeesters-100-jaar-se-wenresepte,
"Kruger & Tutu: Wit, swart en volkleur serenades",,,,,https://www.quicket.co.za/events/318624-kruger-tutu-wit-swart-en-volkleur-serenades/?preview=t,https://woordfees.co.za/program/kruger-tutu-wit-swart-en-volkleur-serenades/,,,,,,,,,AFR,kruger-tutu-wit-swart-en-volkleur-serenades,
Kuns op straat,,,,,https://www.quicket.co.za/events/320469-kuns-op-straat/?preview=t,https://woordfees.co.za/program/kuns-op-straat/,,,,,,,,,AFR,kuns-op-straat,
"Liefde, Lafras",,,,,https://www.quicket.co.za/events/318529-liefde-lafras/?preview=t,https://woordfees.co.za/program/liefde-lafras/,,,,,,,,,AFR,liefde-lafras,
Liefdesbriewe,,,,,https://www.quicket.co.za/events/318577-liefdesbriewe/?preview=t,https://woordfees.co.za/program/liefdesbriewe/,,,,,,,,,AFR,liefdesbriewe,
Liewe Heksie en die wals,,,,,https://www.quicket.co.za/events/318627-liewe-heksie-en-die-wals/?preview=t,https://woordfees.co.za/program/liewe-heksie-en-die-wals/,,,,,,,,,AFR,liewe-heksie-en-die-wals,
Liszt: Harmonies Poétiques et religieuses,,,,,https://www.quicket.co.za/events/318699-liszt-harmonies-potiques-et-religieuses-italiaanse-kunsliedere-van-die-belle-po/?preview=t,https://woordfees.co.za/program/liszt-harmonies-poetiques-et-religieuses/,,,,,,,,,AFR,liszt-harmonies-poétiques-et-religieuses,
Little Maestros: Classical concerts for families,,,,,https://www.quicket.co.za/events/318418-little-maestros/?preview=t,https://woordfees.co.za/program/litttle-maestros-classical-concerts-for-families/,,,,,,,,,AFR,little-maestros-classical-concerts-for-families,
Lize Beekman: Tussen hier en daar,,,,,https://www.quicket.co.za/events/318629-lize-beekman-tussen-hier-en-daar/?preview=t,https://woordfees.co.za/program/lize-beekman-tussen-hier-en-daar/,,,,,,,,,AFR,lize-beekman-tussen-hier-en-daar,
Luna Duo & Juliet-strykkwartet,,,,,https://www.quicket.co.za/events/318535-luna-duo-and-juliet-string-quartet-in-concert/?preview=t,https://woordfees.co.za/program/luna-duo-juliet-strykkwartet/,,,,,,,,,AFR,luna-duo-juliet-strykkwartet,
Luna Paige: Die reisigers,,,,,https://www.quicket.co.za/events/318662-luna-paige-die-reisigers/?preview=t,https://woordfees.co.za/program/luna-paige-die-reisigers/,,,,,,,,,AFR,luna-paige-die-reisigers,
MOFFIE,,,,,https://www.quicket.co.za/events/318536-moffie/?preview=t,https://woordfees.co.za/program/moffie/,,,,,,,,,AFR,moffie,
Maak boerseep met Canettevallei,,,,,https://www.quicket.co.za/events/320531-maak-boerseep-met-canettevallei/?preview=t,https://woordfees.co.za/program/maak-boerseep-met-canettevallei/,,,,,,,,,AFR,maak-boerseep-met-canettevallei,
Magda en haar Erhard: How “Louw” can you go?,,,,,https://www.quicket.co.za/events/319681-magda-en-haar-erhard-how-louw-can-you-go?preview=t#/,https://woordfees.co.za/program/magda-en-haar-erhard-how-louw-can-you-go/,,,,,,,,,AFR,magda-en-haar-erhard-how-louw-can-you-go,
Mandisi Dyantyis,,,,,https://www.quicket.co.za/events/318513-mandisi-dyantyis/?preview=t,https://woordfees.co.za/program/mandisi-dyantyis/,,,,,,,,,AFR,mandisi-dyantyis,
Marc Eugene Lottering,,,,,https://www.quicket.co.za/events/318681-marc-eugene-lottering/?preview=t,https://woordfees.co.za/program/marc-eugene-lottering/,,,,,,,,,AFR,marc-eugene-lottering,
Marion Monroe,,,,,https://www.quicket.co.za/events/319685-marion-monroe?preview=t#/,https://woordfees.co.za/program/marion-monroe/,,,,,,,,,AFR,marion-monroe,
Marita van der Vyver: Van vrees na vryheid,,,,,https://www.quicket.co.za/events/319659-marita-van-der-vyver-van-vrees-na-vryheid/?preview=t,https://woordfees.co.za/program/marita-van-der-vyver-van-vrees-na-vryheid/,,,,,,,,,AFR,marita-van-der-vyver-van-vrees-na-vryheid,
Masch Fashion Show: From Catwalk to Aisle,,,,,https://www.quicket.co.za/events/320532-masch-fashion-show-from-catwalk-to-aisle/?preview=t,https://woordfees.co.za/program/masch-fashion-show-from-catwalk-to-aisle/,,,,,,,,,AFR,masch-fashion-show-from-catwalk-to-aisle,
Mawimbi,,,,,,https://woordfees.co.za/program/mawimbi/,,,,,,,,,AFR,mawimbi,
Maze of the Mind,,,,,https://www.quicket.co.za/events/318684-maze-of-the-mind/?preview=t,https://woordfees.co.za/program/maze-of-the-mind/,,,,,,,,,AFR,maze-of-the-mind,
Meditasie in die Dylan Lewis-beeldtuin,,,,,https://www.quicket.co.za/events/320466-meditasie-in-die-dylan-lewis-beeldtuin/?preview=t,https://woordfees.co.za/program/meditasie-in-die-dylan-lewis-beeldtuin/,,,,,,,,,AFR,meditasie-in-die-dylan-lewis-beeldtuin,
"Mel vertel, Portchie paint!",,,,,https://www.quicket.co.za/events/319591-mel-vertel-portchie-paint/?preview=t,https://woordfees.co.za/program/mel-vertel-portchie-paint/,,,,,,,,,AFR,mel-vertel-portchie-paint,
"Menopouse: Gedeelde ervaring, ligter reis",,,,,https://www.quicket.co.za/events/320476-menopouse-gedeelde-ervaring-ligter-reis/?preview=t,https://woordfees.co.za/program/menopouse-gedeelde-ervaring-ligter-reis/,,,,,,,,,AFR,menopouse-gedeelde-ervaring-ligter-reis,
Middel van êrens,,,,,,https://woordfees.co.za/program/middel-van-erens/,,,,,,,,,AFR,middel-van-êrens,
Mike Bolhuis: Valskermbataljon-verhale,,,,,https://www.quicket.co.za/events/319660-mike-bolhuis-valskermbataljon-verhale/?preview=t,https://woordfees.co.za/program/mike-bolhuis-valskermbataljon-verhale/,,,,,,,,,AFR,mike-bolhuis-valskermbataljon-verhale,
Milisuthando,,,,,https://www.quicket.co.za/events/320508-milisuthando/?preview=t,https://woordfees.co.za/program/milisuthando/,,,,,,,,,AFR,milisuthando,
Miracle Tree,,,,,https://www.quicket.co.za/events/318537-miracle-tree/?preview=t,https://woordfees.co.za/program/miracle-tree/,,,,,,,,,AFR,miracle-tree,
Misdaadtoneel,,,,,https://www.quicket.co.za/events/319662-misdaadtoneel/?preview=t,https://woordfees.co.za/program/misdaadtoneel/,,,,,,,,,AFR,misdaadtoneel,
Moederkerk-orrelweek: Arnold Miller,,,,,https://www.quicket.co.za/events/319743-moederkerk-orrelweek-arnold-miller/?preview=t,https://woordfees.co.za/program/moederkerk-orrelweek-arnold-miller/,,,,,,,,,AFR,moederkerk-orrelweek-arnold-miller,
Moederkerk-orrelweek: Christiaan Carstens,,,,,https://www.quicket.co.za/events/319745-moederkerk-orrelweek-christiaan-carstens/?preview=t,https://woordfees.co.za/program/moederkerk-orrelweek-christiaan-carstens/,,,,,,,,,AFR,moederkerk-orrelweek-christiaan-carstens,
Moederkerk-orrelweek: Louna Stofberg,,,,,https://www.quicket.co.za/events/319746-moederkerk-orrelweek-louna-stofberg/?preview=t,https://woordfees.co.za/program/moederkerk-orrelweek-louna-stofberg/,,,,,,,,,AFR,moederkerk-orrelweek-louna-stofberg,
Moederkerk-orrelweek: Winand Grundling,,,,,https://www.quicket.co.za/events/319749-moederkerk-orrelweek-winand-grundling/?preview=t,https://woordfees.co.za/program/moederkerk-orrelweek-winand-grundling/,,,,,,,,,AFR,moederkerk-orrelweek-winand-grundling,
Moederkerk-orrelweek: Zorada Temmingh,,,,,https://www.quicket.co.za/events/319752-moederkerk-orrelweek-zorada-temmingh/?preview=t,https://woordfees.co.za/program/moederkerk-orrelweek-zorada-temmingh/,,,,,,,,,AFR,moederkerk-orrelweek-zorada-temmingh,
Moedswil en muitery,,,,,https://www.quicket.co.za/events/318678-moedswil-en-muitery/?preview=t,https://woordfees.co.za/program/moedswil-en-muitery/,,,,,,,,,AFR,moedswil-en-muitery,
Moonlit Menagerie,,,,,https://www.quicket.co.za/events/318540-moonlit-menagerie/?preview=t,https://woordfees.co.za/program/moonlit-menagerie/,,,,,,,,,AFR,moonlit-menagerie,
Moordballades en ander minder vrolike verse uit die Groot Vreseboek,,,,,https://www.quicket.co.za/events/318671-moordballades/?preview=t,https://woordfees.co.za/program/moordballades-en-ander-minder-vrolike-verse-uit-die-groot-vreseboek/,,,,,,,,,AFR,moordballades-en-ander-minder-vrolike-verse-uit-die-groot-vreseboek,
Mort d’un acteur (Dood van ‘n akteur),,,,,,https://woordfees.co.za/program/mort-dun-acteur-dood-van-n-akteur/,,,,,,,,,AFR,mort-dun-acteur-dood-van-n-akteur,
Mozart in kwartet,,,,,https://www.quicket.co.za/events/318618-mozart-in-kwartet/?preview=t,https://woordfees.co.za/program/mozart-in-kwartet/,,,,,,,,,AFR,mozart-in-kwartet,
Musiek in gesprek,,,,,,https://woordfees.co.za/program/naggesprekke-driftig-in-die-donker-musiek-in-gesprek/,,,,,,,,,AFR,musiek-in-gesprek,
My Name is Lucy Barton,,,,,https://www.quicket.co.za/events/319758-my-name-is-lucy-barton?preview=t#/,https://woordfees.co.za/program/my-name-is-lucy-barton/,,,,,,,,,AFR,my-name-is-lucy-barton,
Neon Dreams & Booshle G,,,,,https://www.quicket.co.za/events/319865-neon-dreams-booshle-g/?preview=t,https://woordfees.co.za/program/neon-dreams-booshle-g/,,,,,,,,,AFR,neon-dreams-booshle-g,
Net een eerste keer,,,,,https://www.quicket.co.za/events/319667-net-een-eerste-keer/?preview=t,https://woordfees.co.za/program/net-een-eerste-keer/,,,,,,,,,AFR,net-een-eerste-keer,
Netwerk24-gespreksreeks: KI in die klaskamer,,,,,,https://woordfees.co.za/program/netwerk24-gespreksreeks-ki-in-die-klaskamer/,,,,,,,,,AFR,netwerk24-gespreksreeks-ki-in-die-klaskamer,
Netwerk24-gespreksreeks: NGV en die toekoms van private mediese sorg,,,,,,https://woordfees.co.za/program/netwerk24-gespreksreeks-ngv-en-die-toekoms-van-private-mediese-sorg/,,,,,,,,,AFR,netwerk24-gespreksreeks-ngv-en-die-toekoms-van-private-mediese-sorg,
Netwerk24-gespreksreeks: Plaaslike verkiesings: Onderweg na 2029,,,,,,https://woordfees.co.za/program/netwerk24-gespreksreeks-plaaslike-verkiesings-onderweg-na-2029/,,,,,,,,,AFR,netwerk24-gespreksreeks-plaaslike-verkiesings-onderweg-na-2029,
Netwerk24-gespreksreeks: Trump: Troefkaart of joker?,,,,,,https://woordfees.co.za/program/netwerk24-gespreksreeks-trump-troefkaart-of-joker/,,,,,,,,,AFR,netwerk24-gespreksreeks-trump-troefkaart-of-joker,
Netwerk24-gespreksreeks: Waar staan ons in die hof?,,,,,,https://woordfees.co.za/program/netwerk24-gespreksreeks-waar-staan-ons-in-die-hof/,,,,,,,,,AFR,netwerk24-gespreksreeks-waar-staan-ons-in-die-hof,
Netwerk24: Die onderhoud met Mia Spies: Bertus Basson,,,,,,https://woordfees.co.za/program/netwerk24-die-onderhoud-met-mia-spies-bertus-basson/,,,,,,,,,AFR,netwerk24-die-onderhoud-met-mia-spies-bertus-basson,
Netwerk24: Die onderhoud met Mia Spies: Leon Schreiber,,,,,,https://woordfees.co.za/program/netwerk24-die-onderhoud-met-mia-spies-leon-schreiber/,,,,,,,,,AFR,netwerk24-die-onderhoud-met-mia-spies-leon-schreiber,
Netwerk24: Die onderhoud met Mia Spies: Spesiale gas,,,,,,https://woordfees.co.za/program/netwerk24-die-onderhoud-met-mia-spies-spesiale-gas/,,,,,,,,,AFR,netwerk24-die-onderhoud-met-mia-spies-spesiale-gas,
Netwerk24: Die onderhoud met Mia Spies: Thuli Madonsela,,,,,,https://woordfees.co.za/program/netwerk24-die-onderhoud-met-mia-spies-thuli-madonsela/,,,,,,,,,AFR,netwerk24-die-onderhoud-met-mia-spies-thuli-madonsela,
Netwerk24: Die onderhoud met Mia Spies: Whitey Basson,,,,,,https://woordfees.co.za/program/netwerk24-die-onderhoud-met-mia-spies-whitey-basson/,,,,,,,,,AFR,netwerk24-die-onderhoud-met-mia-spies-whitey-basson,
New South African Gems,,,,,https://www.quicket.co.za/events/318555-new-south-african-gems/?preview=t,https://woordfees.co.za/program/new-south-african-gems/,,,,,,,,,AFR,new-south-african-gems,
Nic de Jager: In my eie woorde,,,,,https://www.quicket.co.za/events/318633-nick-de-jager-in-my-eie-woorde/?preview=t,https://woordfees.co.za/program/nic-de-jager-in-my-eie-woorde/,,,,,,,,,AFR,nic-de-jager-in-my-eie-woorde,
Nik Rabinowitz: Geriatric Millennial,,,,,https://www.quicket.co.za/events/318682-nik-rabinowitz-geriatric-millennial/?preview=t,https://woordfees.co.za/program/nik-rabinowitz-geriatric-millennial/,,,,,,,,,AFR,nik-rabinowitz-geriatric-millennial,
Nomadic Orchestra,,,,,https://www.quicket.co.za/events/318663-nomadic-orchestra/?preview=t,https://woordfees.co.za/program/nomadic-orchestra/,,,,,,,,,AFR,nomadic-orchestra,
O Fire of the Spirit,,,,,https://www.quicket.co.za/events/319740-o-fire-of-the-spirit/?preview=t,https://woordfees.co.za/program/o-fire-of-the-spirit/,,,,,,,,,AFR,o-fire-of-the-spirit,
Oesie meense,,,,,https://www.quicket.co.za/events/318518-oesie-meense/?preview=t,https://woordfees.co.za/program/oesie-meense/,,,,,,,,,AFR,oesie-meense,
Oggendkoffie en (lees)stof tot nadenke,,,,,https://www.quicket.co.za/events/319859-neem-deel-oggendkoffie-en-leesstof-tot-nadenke/?preview=t,https://woordfees.co.za/program/oggendkoffie-en-leesstof-to-nadenke/,,,,,,,,,AFR,oggendkoffie-en-leesstof-tot-nadenke,
Oggendkoffie en kleindorpie-queer,,,,,https://www.quicket.co.za/events/319860-neem-deel-oggendkoffie-en-kleindorpie-queer/?preview=t,https://woordfees.co.za/program/oggendkoffie-en-kleindorpie-queer/,,,,,,,,,AFR,oggendkoffie-en-kleindorpie-queer,
Oggendkoffie en klooster-klets,,,,,https://www.quicket.co.za/events/321395-neem-deel-oggendkoffie-en-klooster-klets/?ref=events-list#/,https://woordfees.co.za/program/oggendkoffie-en-klooster-klets/,,,,,,,,,AFR,oggendkoffie-en-klooster-klets,
Oggendkoffie en skryfgeheime met Marita van der Vyver,,,,,https://www.quicket.co.za/events/319861-neem-deel-oggendkoffie-en-skryfgeheime-met-marita-van-der-vyver/?preview=t,https://woordfees.co.za/program/oggendkoffie-en-skryfgeheime-met-marita-van-dervyver/,,,,,,,,,AFR,oggendkoffie-en-skryfgeheime-met-marita-van-der-vyver,
Oggendtee met die vroue van kykNET se Appels en Tee,,,,,https://www.quicket.co.za/events/329429-oggendtee-met-die-vroue-van-kyknet-se-appels-en-tee/?ref=events-list#/,https://woordfees.co.za/program/oggendtee-met-die-vroue-van-kyknet-se-appels-en-tee/,,,,,,,,,AFR,oggendtee-met-die-vroue-van-kyknet-se-appels-en-tee,
Old Righteous Blues,,,,,https://www.quicket.co.za/events/320511-old-righteous-blues/?preview=t,https://woordfees.co.za/program/old-righteous-blues/,,,,,,,,,AFR,old-righteous-blues,
Omwentelinge: ’n Papierspel,,,,,https://www.quicket.co.za/events/318634-omwentelinge/?preview=t,https://woordfees.co.za/program/omwentelinge-n-papierspel/,,,,,,,,,AFR,omwentelinge-n-papierspel,
Ongehoord: Die prys van teengender-ideologie,,,,,,https://woordfees.co.za/program/ongehoord-die-prys-van-teengender-ideologie/,,,,,,,,,AFR,ongehoord-die-prys-van-teengender-ideologie,
Ongehoord: Digitale kultuur & Afro-optimisme,,,,,,https://woordfees.co.za/program/ongehoord-digitale-kultuur-afro-optimisme/,,,,,,,,,AFR,ongehoord-digitale-kultuur-afro-optimisme,
Ongehoord: Ons moet praat oor die gesin,,,,,,https://woordfees.co.za/program/ongehoord-ons-moet-praat-oor-die-gesin/,,,,,,,,,AFR,ongehoord-ons-moet-praat-oor-die-gesin,
Ongehoord: ’n Sin vir gemeenskap,,,,,,https://woordfees.co.za/program/ongehoord-n-sin-vir-gemeenskap/,,,,,,,,,AFR,ongehoord-n-sin-vir-gemeenskap,
Onse Afrikaans,,,,,,https://woordfees.co.za/program/gesprekke-oor-afrikaans-onse-afrikaans/,,,,,,,,,AFR,onse-afrikaans,
Ont-,,,,,https://www.quicket.co.za/events/319760-ont-?preview=t#/,https://woordfees.co.za/program/ont/,,,,,,,,,AFR,ont,
Ontaard: Spoken Word,,,,,https://www.quicket.co.za/events/319766-ontaard-spoken-word?preview=t#/,https://woordfees.co.za/program/ontaard-spoken-word/,,,,,,,,,AFR,ontaard-spoken-word,
Op die markplein van idees,,,,,https://www.quicket.co.za/events/319669-op-die-markplein-van-idees/?preview=t,https://woordfees.co.za/program/op-die-markplein-van-idees/,,,,,,,,,AFR,op-die-markplein-van-idees,
Operagunstelinge II,,,,,https://www.quicket.co.za/events/318623-operagunstelinge-ii/?preview=t,https://woordfees.co.za/program/operagunstelinge-ii/,,,,,,,,,AFR,operagunstelinge-ii,
Overshare,,,,,https://www.quicket.co.za/events/320289-dag-van-posie-overshare/?preview=t,https://woordfees.co.za/program/overshare/,,,,,,,,,AFR,overshare,
Padkos & Polyphony,,,,,https://www.quicket.co.za/events/320826-padkos-polyphony/?preview=t,https://woordfees.co.za/program/padkos-polyphony/,,,,,,,,,AFR,padkos-polyphony,
Perspektiewe op Afrikaans: Uitdagings en geleenthede,,,,,,https://woordfees.co.za/program/gesprekke-oor-afrikaans-perspektiewe-op-afrikaans-uitdagings-en-geleenthede/,,,,,,,,,AFR,perspektiewe-op-afrikaans-uitdagings-en-geleenthede,
Pharanoid,,,,,https://www.quicket.co.za/events/318687-pharanoid/?preview=t,https://woordfees.co.za/program/pharanoid/,,,,,,,,,AFR,pharanoid,
Praating oor boeke,,,,,https://www.quicket.co.za/events/319671-praating-boeke-met-peach-van-pletzen/?preview=t,https://woordfees.co.za/program/praating-oor-boeke/,,,,,,,,,AFR,praating-oor-boeke,
Première-wenproduksie: Kenan ennie Klopse,,,,,https://www.quicket.co.za/events/318575-premire-wenproduksie/?preview=t,https://woordfees.co.za/program/premiere-wenproduksie/,,,,,,,,,AFR,première-wenproduksie-kenan-ennie-klopse,
Prins: ’n Block party,,,,,https://www.quicket.co.za/events/320264-prins-n-block-party/?preview=t,https://woordfees.co.za/program/prins-n-block-party/,,,,,,,,,AFR,prins-n-block-party,
Pusha Pressa Phanda,,,,,,https://woordfees.co.za/program/pusha-pressa-phanda/,,,,,,,,,AFR,pusha-pressa-phanda,
RSG-uitsendings: Driesestig,,,,,,https://woordfees.co.za/program/rsg-uitsendings-driesestig/,,,,,,,,,AFR,rsg-uitsendings-driesestig,
RSG-uitsendings: Kommentaar,,,,,,https://woordfees.co.za/program/rsg-uitsendings-kommentaar/,,,,,,,,,AFR,rsg-uitsendings-kommentaar,
RSG-uitsendings: Naweek-aktueel,,,,,,https://woordfees.co.za/program/rsg-uitsendings-naweek-aktueel/,,,,,,,,,AFR,rsg-uitsendings-naweek-aktueel,
RSG-uitsendings: Saterdagsprankel,,,,,,https://woordfees.co.za/program/rsg-uitsendings-saterdagsprankel/,,,,,,,,,AFR,rsg-uitsendings-saterdagsprankel,
RSG-uitsendings: Spektrum,,,,,,https://woordfees.co.za/program/rsg-uitsendings-spektrum/,,,,,,,,,AFR,rsg-uitsendings-spektrum,
Reaching Readers,,,,,https://www.quicket.co.za/events/319672-reaching-readers/?preview=t,https://woordfees.co.za/program/reaching-readers/,,,,,,,,,AFR,reaching-readers,
Regenerative Farming: Why Soil Health Matters to the Consumer,,,,,,https://woordfees.co.za/program/regenerative-farming-why-soil-health-matters-to-the-consumer/,,,,,,,,,AFR,regenerative-farming-why-soil-health-matters-to-the-consumer,
Rescue Remedy,,,,,https://www.quicket.co.za/events/318578-rescue-remedy/?preview=t,https://woordfees.co.za/program/rescue-remedy/,,,,,,,,,AFR,rescue-remedy,
"Resonans-gespreksreeks: Deel en verdeel: God, mens, dier, masjien",,,,,,https://woordfees.co.za/program/resonans-gespreksreeks-deel-en-verdeel-god-mens-dier-masjien/,,,,,,,,,AFR,resonans-gespreksreeks-deel-en-verdeel-god-mens-dier-masjien,
Resonans-gespreksreeks: Deel van die kerk – net as jy pas…,,,,,,https://woordfees.co.za/program/resonans-gespreksreeks-deel-van-die-kerk-net-as-jy-pas/,,,,,,,,,AFR,resonans-gespreksreeks-deel-van-die-kerk-net-as-jy-pas,
"Resonans-gespreksreeks: Deel, gee en neem",,,,,,https://woordfees.co.za/program/resonans-gespreksreeks-deel-gee-en-neem/,,,,,,,,,AFR,resonans-gespreksreeks-deel-gee-en-neem,
Reuse-rolspelers: Die Impak en Verantwoordelikheid van Megaboerdery,,,,,,https://woordfees.co.za/program/reuse-rolspelers-die-impak-en-verantwoordelikheid-van-megaboerdery/,,,,,,,,,AFR,reuse-rolspelers-die-impak-en-verantwoordelikheid-van-megaboerdery,
Riaad Moosa: What’s the Point?,,,,,https://www.quicket.co.za/events/318683-riaad-moosa-whats-the-point/?preview=t,https://woordfees.co.za/program/riaad-moosa-whats-the-point/,,,,,,,,,AFR,riaad-moosa-whats-the-point,
Roan Ash & Brandon Miles,,,,,https://www.quicket.co.za/events/319846-roan-ash-brandon-miles/?preview=t,https://woordfees.co.za/program/roan-ash-brandon-miles/,,,,,,,,,AFR,roan-ash-brandon-miles,
"Rugby, ras en ’n kis bier",,,,,,https://woordfees.co.za/program/gesprekke-en-menings-rugby-ras-en-n-kis-bier/,,,,,,,,,AFR,rugby-ras-en-n-kis-bier,
Rumour has it…,,,,,,https://woordfees.co.za/program/rumour-has-it/,,,,,,,,,AFR,rumour-has-it,
Rusbankreis na Spanje,,,,,https://www.quicket.co.za/events/319674-rusbankreis-na-spanje/?preview=t,https://woordfees.co.za/program/rusbankreis-na-spanje/,,,,,,,,,AFR,rusbankreis-na-spanje,
Safari-aktiwiteite,,,,,,https://woordfees.co.za/program/safari-aktiwiteite/,,,,,,,,,AFR,safari-aktiwiteite,
Sanlam-WOW-Spelfees: Belyningsvergadering,,,,,,https://woordfees.co.za/program/sanlam-wow-spelfees-belyningsvergadering/,,,,,,,,,AFR,sanlam-wow-spelfees-belyningsvergadering,
Sanlam-WOW-Spelfees: Nasionale eindronde,,,,,,https://woordfees.co.za/program/sanlam-wow-spelfees-nasionale-eindronde/,,,,,,,,,AFR,sanlam-wow-spelfees-nasionale-eindronde,
Sanlam-WOW-Spelfees: Prysuitdeling,,,,,,https://woordfees.co.za/program/sanlam-wow-spelfees-prysuitdeling/,,,,,,,,,AFR,sanlam-wow-spelfees-prysuitdeling,
Sathima’s Africa: ’n Huldeblyk aan die Jazz-legende Sathima Bea Benjamin,,,,,https://www.quicket.co.za/events/318667-sathimas-africa/?preview=t,https://woordfees.co.za/program/sathimas-africa-n-huldeblyk-aan-die-jazz-legende-sathima-bea-benjamin/,,,,,,,,,AFR,sathimas-africa-n-huldeblyk-aan-die-jazz-legende-sathima-bea-benjamin,
Sathima’s Windsong,,,,,,https://woordfees.co.za/program/sathimas-windsong/,,,,,,,,,AFR,sathimas-windsong,
SboNdaba Dance: In search of our Humanity,,,,,https://www.quicket.co.za/events/318688-sbondaba-dance-in-search-of-our-humanity/?preview=t,https://woordfees.co.za/program/sbondaba-dance-insearch-of-our-humanity/,,,,,,,,,AFR,sbondaba-dance-in-search-of-our-humanity,
Schalk Bezuidenhout: Mamma se groot seun,,,,,https://www.quicket.co.za/events/318685-schalk-bezuidenhout-mamma-se-groot-seun/?preview=t,https://woordfees.co.za/program/schalk-bezuidenhout-mamma-se-groot-seun/,,,,,,,,,AFR,schalk-bezuidenhout-mamma-se-groot-seun,
Science Café: Kwantumsatelliete: SA en China vat hande,,,,,,https://woordfees.co.za/program/science-cafe-kwantumsatelliete-sa-en-china-vat-hande/,,,,,,,,,AFR,science-café-kwantumsatelliete-sa-en-china-vat-hande,
Science Café: Waarom bestudeer ons ruimterotse?,,,,,,https://woordfees.co.za/program/science-cafe-waarom-bestudeer-ons-ruimterotse/,,,,,,,,,AFR,science-café-waarom-bestudeer-ons-ruimterotse,
Seasons of Longing,,,,,,https://woordfees.co.za/program/seasons-of-longing/,,,,,,,,,AFR,seasons-of-longing,
Seun,,,,,https://www.quicket.co.za/events/319622-seun?preview=t#/,https://woordfees.co.za/program/seun/,,,,,,,,,AFR,seun,
Sew the Winter to My Skin,,,,,https://www.quicket.co.za/events/320512-sew-the-winter-to-my-skin/?preview=t,https://woordfees.co.za/program/sew-the-winter-to-my-skin/,,,,,,,,,AFR,sew-the-winter-to-my-skin,
Shaka von Beethoven,,,,,,https://woordfees.co.za/program/naggesprekke-driftig-in-die-doker-shaka-von-beethoven/,,,,,,,,,AFR,shaka-von-beethoven,
Sharlé Matthews: Gesprek in kuns,,,,,,https://woordfees.co.za/program/sharle-matthews-gesprek-in-kuns/,,,,,,,,,AFR,sharlé-matthews-gesprek-in-kuns,
Sing jou lied,,,,,https://www.quicket.co.za/events/318543-sing-jou-lied/?preview=t,https://woordfees.co.za/program/sing-jou-lied/,,,,,,,,,AFR,sing-jou-lied,
"Sjjjt, ons lees!",,,,,,https://woordfees.co.za/program/sjjjt-ons-lees/,,,,,,,,,AFR,sjjjt-ons-lees,
Sjoe!,,,,,https://www.quicket.co.za/events/319676-sjoe/?preview=t,https://woordfees.co.za/program/sjoe/,,,,,,,,,AFR,sjoe,
Skadu’s & silhoeëtte-staptoer op die Stellenbosch-kunsmyl,,,,,https://www.quicket.co.za/events/320525-skadus-silhoeette-staptoer-op-die-stellenbosch-kunsmyl/?preview=t,https://woordfees.co.za/program/skadus-silhoeette-staptoer-op-die-stellenbosch-kunsmyl/,,,,,,,,,AFR,skadus-silhoeëtte-staptoer-op-die-stellenbosch-kunsmyl,
"Skink, proe & vier Lanzerac Pinotage",,,,,https://www.quicket.co.za/events/320488-skink-proe-vier-lanzerac-pinotage/?preview=t,https://woordfees.co.za/program/skink-proe-vier-lanzerac-pinotage/,,,,,,,,,AFR,skink-proe-vier-lanzerac-pinotage,
Skokkend: twee waremisdaadboeke,,,,,https://www.quicket.co.za/events/319677-skokkend-twee-waremisdaadboeke/?preview=t,https://woordfees.co.za/program/skokkend-twee-waremisdaadboeke/,,,,,,,,,AFR,skokkend-twee-waremisdaadboeke,
"Skop, skiet en donner",,,,,https://www.quicket.co.za/events/318626-skop-skiet-en-donner/?preview=t,https://woordfees.co.za/program/skop-skiet-en-donner/,,,,,,,,,AFR,skop-skiet-en-donner,
Skrootwerf-evangelie: Gebroke hallelujas en verroeste belydenis,,,,,https://www.quicket.co.za/events/319691-skrootwerf-evangelie-gebroke-hallelujas-en-verroeste-belydenis?preview=t#/,https://woordfees.co.za/program/skrootwerf-evangelie-gebroke-hallelujas-enverroeste-belydenis/,,,,,,,,,AFR,skrootwerf-evangelie-gebroke-hallelujas-en-verroeste-belydenis,
Soekende profeet,,,,,https://www.quicket.co.za/events/319679-soekende-profeet/?preview=t,https://woordfees.co.za/program/soekende-profeet/,,,,,,,,,AFR,soekende-profeet,
Songs of Love and Solitude,,,,,https://www.quicket.co.za/events/318544-songs-of-love-and-solitude/?preview=t,https://woordfees.co.za/program/songs-of-love-and-solitude/,,,,,,,,,AFR,songs-of-love-and-solitude,
Sonografie: Grepe in Roots en Blues,,,,,https://www.quicket.co.za/events/318639-sonografie-grepe-in-roots-en-blues/?preview=t,https://woordfees.co.za/program/sonografie-grepe-in-roots-en-blues/,,,,,,,,,AFR,sonografie-grepe-in-roots-en-blues,
Soweto String Quartet: Van klassiek en kwela tot tango en techno,,,,,https://www.quicket.co.za/events/319847-soweto-string-quartet-klassiek-en-kwla-tot-tango-en-techno/?preview=t,https://woordfees.co.za/program/soweto-string-quartet-van-klassiek-en-kwela-tot-tango-en-techno/,,,,,,,,,AFR,soweto-string-quartet-van-klassiek-en-kwela-tot-tango-en-techno,
Speelkamersessies met Bertus Basson,,,,,https://www.quicket.co.za/events/320468-speelkamersessies-met-bertus-basson/?preview=t,https://woordfees.co.za/program/speelkamersessies-met-bertus-basson/,,,,,,,,,AFR,speelkamersessies-met-bertus-basson,
Spesiaal vir Juniors: Verf-en-vers-slypskool,,,,,,https://woordfees.co.za/program/spesiaal-vir-juniors-verf-en-vers-slypskool/,,,,,,,,,AFR,spesiaal-vir-juniors-verf-en-vers-slypskool,
Spesiaal vir Juniors: WOW-Redenaars,,,,,,https://woordfees.co.za/program/spesiaal-vir-juniors-wow-redenaars/,,,,,,,,,AFR,spesiaal-vir-juniors-wow-redenaars,
Spesiaal vir Juniors: WOW-telfees,,,,,,https://woordfees.co.za/program/spesiaal-vir-juniors-wow-telfees/,,,,,,,,,AFR,spesiaal-vir-juniors-wow-telfees,
Spesiaal vir Onderwysers: PEN-skryfskool vir WOW-onderwysers,,,,,,https://woordfees.co.za/program/spesiaal-vir-onderwysers-pen-skryfskool-vir-wow-onderwysers/,,,,,,,,,AFR,spesiaal-vir-onderwysers-pen-skryfskool-vir-wow-onderwysers,
Spesiaal vir Onderwysers: Slypskool vir skoolkore,,,,,,https://woordfees.co.za/program/spesiaal-vir-onderwysers-slypskool-vir-skoolkore/,,,,,,,,,AFR,spesiaal-vir-onderwysers-slypskool-vir-skoolkore,
Spesiaal vir Onderwysers: Storietyd in die grondslagfase,,,,,,https://woordfees.co.za/program/spesiaal-vir-onderwysers-storietyd-in-die-grondslagfase/,,,,,,,,,AFR,spesiaal-vir-onderwysers-storietyd-in-die-grondslagfase,
Spesiaal vir Onderwysers: WOW-dag vir onderwysers,,,,,,https://woordfees.co.za/program/spesiaal-vir-onderwysers-wow-dag-vir-onderwysers/,,,,,,,,,AFR,spesiaal-vir-onderwysers-wow-dag-vir-onderwysers,
Spesiaal vir Onderwysers: WOW-kuier met skoolhoofde,,,,,,https://woordfees.co.za/program/spesiaal-vir-onderwysers-wow-kuier-met-skoolhoofde/,,,,,,,,,AFR,spesiaal-vir-onderwysers-wow-kuier-met-skoolhoofde,
Spesiaal vir Onderwysers: Werk binne die kunste,,,,,,https://woordfees.co.za/program/spesiaal-vir-onderwysers-werk-binne-die-kunste/,,,,,,,,,AFR,spesiaal-vir-onderwysers-werk-binne-die-kunste,
Spesiaal vir Seniors: Vir ons WOW-Aspirantskrywers,,,,,,https://woordfees.co.za/program/spesiaal-vir-seniors-vir-ons-wow-aspirantskrywers/,,,,,,,,,AFR,spesiaal-vir-seniors-vir-ons-wow-aspirantskrywers,
Spesiaal vir Seniors: WOW-Dag vir Gr. 11’S,,,,,,https://woordfees.co.za/program/spesiaal-vir-seniors-wow-dag-vir-gr-11s/,,,,,,,,,AFR,spesiaal-vir-seniors-wow-dag-vir-gr-11s,
Spesiaal vir Seniors: WOW-Debatfees,,,,,,https://woordfees.co.za/program/spesiaal-vir-seniors-wow-debatfees/,,,,,,,,,AFR,spesiaal-vir-seniors-wow-debatfees,
Spesiaal vir Seniors: WOW-Jeugleiers,,,,,,https://woordfees.co.za/program/spesiaal-vir-seniors-wow-jeugleiers/,,,,,,,,,AFR,spesiaal-vir-seniors-wow-jeugleiers,
Spesiaal vir Seniors: WOW-Skoolmediakursus,,,,,,https://woordfees.co.za/program/spesiaal-vir-seniors-wow-skoolmediakursus/,,,,,,,,,AFR,spesiaal-vir-seniors-wow-skoolmediakursus,
Spesiaal vir Seniors: WOW-Toneelslypskool,,,,,,https://woordfees.co.za/program/spesiaal-vir-seniors-wow-toneelslypskool/,,,,,,,,,AFR,spesiaal-vir-seniors-wow-toneelslypskool,
Spesiaal vir WOW-studente: Maties gesels oor…,,,,,,https://woordfees.co.za/program/spesiaal-vir-wow-studente-maties-gesels-oor/,,,,,,,,,AFR,spesiaal-vir-wow-studente-maties-gesels-oor,
Spesiaal vir Woordfeesgangers: Langarm-Snack-Dans,,,,,,https://woordfees.co.za/program/spesiaal-vir-woordfeesgangers-langarm-snack-dans/,,,,,,,,,AFR,spesiaal-vir-woordfeesgangers-langarm-snack-dans,
Spesiaal vir seniors: Vir ons WOW-Feesgangers,,,,,,https://woordfees.co.za/program/spesiaal-vir-seniors-vir-ons-wow-feesgangers/,,,,,,,,,AFR,spesiaal-vir-seniors-vir-ons-wow-feesgangers,
Spier Winemaker’s Dinner,,,,,https://www.quicket.co.za/events/320521-spier-winemakers-dinner/?preview=t,https://woordfees.co.za/program/spier-winemakers-dinner/,,,,,,,,,AFR,spier-winemakers-dinner,
Spier’s Blind Tasting: A Multisensory Wine Experience,,,,,https://www.quicket.co.za/events/320523-spiers-blind-tasting/?preview=t,https://woordfees.co.za/program/spiers-blind-tasting-a-multisensory-wine-experience/,,,,,,,,,AFR,spiers-blind-tasting-a-multisensory-wine-experience,
Stap in Idasvallei,,,,,https://www.quicket.co.za/events/320533-stap-in-idasvallei/?preview=t,https://woordfees.co.za/program/stap-in-idasvallei/,,,,,,,,,AFR,stap-in-idasvallei,
Stapstories met Visit Stellenbosch,,,,,https://www.quicket.co.za/events/320534-stapstories-met-visit-stellenbosch/?preview=t,https://woordfees.co.za/program/stapstories-met-visit-stellenbosch/,,,,,,,,,AFR,stapstories-met-visit-stellenbosch,
Stellenbosch dorpsgesprekke: Die slag van Botmaskop,,,,,,https://woordfees.co.za/program/stellenbosch-dorpsgesprekke-die-slag-van-botmaskop/,,,,,,,,,AFR,stellenbosch-dorpsgesprekke-die-slag-van-botmaskop,
Stellenbosch dorpsgesprekke: Stellenbosch – ’n Bolandse lente,,,,,,https://woordfees.co.za/program/stellenbosch-dorpsgesprekke-stellenbosch-n-bolandse-lente/,,,,,,,,,AFR,stellenbosch-dorpsgesprekke-stellenbosch-n-bolandse-lente,
Stemme uit die verlede: Verrassende mededelings uit die kerkargief: Briewe wat stories vertel,,,,,https://www.quicket.co.za/events/320481-stemme-uit-die-verlede-briewe-wat-stories-vertel/#/,https://woordfees.co.za/program/stemme-uit-die-verlede-verrassende-mededelings-uit-die-kerkargief-briewe-wat-stories-vertel/,,,,,,,,,AFR,stemme-uit-die-verlede-verrassende-mededelings-uit-die-kerkargief-briewe-wat-stories-vertel,
Stemme uit die verlede: Verrassende mededelings uit die kerkargief: Kleinode uit die Afrikaanse musiekskat,,,,,https://www.quicket.co.za/events/320502-stemme-uit-die-verlede-kleinode-uit-die-afrikaanse-musiekskat/?preview=t#/,https://woordfees.co.za/program/stemme-uit-die-verlede-verrassende-mededelings-uit-die-kerkargief-kleinode-uit-die-afrikaanse-musiekskat/,,,,,,,,,AFR,stemme-uit-die-verlede-verrassende-mededelings-uit-die-kerkargief-kleinode-uit-die-afrikaanse-musiekskat,
Stemme uit die verlede: Verrassende mededelings uit die kerkargief: Musiek van die engele of die “ménestrels”,,,,,https://www.quicket.co.za/events/320499-stemme-uit-die-verlede-musiek-van-die-engele-of-die-mnestrels/?preview=t#/,https://woordfees.co.za/program/stemme-uit-die-verlede-verrassende-mededelings-uit-die-kerkargief-musiek-van-die-engele-of-die-menestrels/,,,,,,,,,AFR,stemme-uit-die-verlede-verrassende-mededelings-uit-die-kerkargief-musiek-van-die-engele-of-die-ménestrels,
Stemme uit die verlede: Verrassende mededelings uit die kerkargief: Teenwoordig,,,,,https://www.quicket.co.za/events/320480-stemme-uit-die-verlede-teenwoordig/#/,https://woordfees.co.za/program/stemme-uit-die-verlede-verrassende-mededelings-uit-die-kerkargief-teenwoordig/,,,,,,,,,AFR,stemme-uit-die-verlede-verrassende-mededelings-uit-die-kerkargief-teenwoordig,
Stillborn,,,,,,https://woordfees.co.za/program/stillborn/,,,,,,,,,AFR,stillborn,
Storieman(s),,,,,https://www.quicket.co.za/events/319680-storiemans/?preview=t,https://woordfees.co.za/program/storiemans/,,,,,,,,,AFR,storiemans,
Strauss & Co: Irma Stern,,,,,,https://woordfees.co.za/program/strauss-co-irma-stern/,,,,,,,,,AFR,strauss-co-irma-stern,
Strauss & Co: Karel Nel: Close and Far,,,,,https://www.quicket.co.za/events/320524-karel-nel-close-and-far/?preview=t,https://woordfees.co.za/program/strauss-co-karel-nel-close-and-far/,,,,,,,,,AFR,strauss-co-karel-nel-close-and-far,
Strauss & Co: Kuns-en-juweliersware-veiling: Uitstalling,,,,,,https://woordfees.co.za/program/strauss-co-kuns-en-juweliersware-veiling-uitstalling/,,,,,,,,,AFR,strauss-co-kuns-en-juweliersware-veiling-uitstalling,
Strauss & Co: Masterclass on Irma Stern,,,,,https://www.quicket.co.za/events/320517-masterclass-on-irma-stern/?preview=t,https://woordfees.co.za/program/strauss-co-masterclass-on-irma-stern/,,,,,,,,,AFR,strauss-co-masterclass-on-irma-stern,
Strauss & Co: Ruminations: Karel Nel,,,,,,https://woordfees.co.za/program/strauss-co-ruminations-karel-nel/,,,,,,,,,AFR,strauss-co-ruminations-karel-nel,
Strauss & Co: Sononder-rondleidings met Frank Kilbourn,,,,,https://www.quicket.co.za/events/320513-sunset-walkabout-with-frank-kilbourn/?preview=t,https://woordfees.co.za/program/strauss-co-sononder-rondleidings-met-frank-kilbourn/,,,,,,,,,AFR,strauss-co-sononder-rondleidings-met-frank-kilbourn,
Strauss & Co: South African Art Jewelry: Origins & Legacy,,,,,,https://woordfees.co.za/program/strauss-co-south-african-art-jewelry-origins-legacy/,,,,,,,,,AFR,strauss-co-south-african-art-jewelry-origins-legacy,
Strauss & Co: The art of collecting,,,,,https://www.quicket.co.za/events/320527-the-art-of-collecting/?preview=t,https://woordfees.co.za/program/strauss-co-the-art-of-collecting/,,,,,,,,,AFR,strauss-co-the-art-of-collecting,
Strauss & Co: Travelling Sekoto Returns Home,,,,,https://www.quicket.co.za/events/320519-travelling-sekoto-returns-home/?preview=t,https://woordfees.co.za/program/strauss-co-travelling-sekoto-returns-home/,,,,,,,,,AFR,strauss-co-travelling-sekoto-returns-home,
Strauss & Co: Wol by die Woordfees,,,,,https://www.quicket.co.za/events/320515-wol-by-die-woordfees/?preview=t,https://woordfees.co.za/program/strauss-co-wol-by-die-woordfees/,,,,,,,,,AFR,strauss-co-wol-by-die-woordfees,
Strauss & Co: Woordfees Kunsveiling Rondleiding,,,,,,https://woordfees.co.za/program/strauss-co-woordfees-kunsveiling-rondleiding/,,,,,,,,,AFR,strauss-co-woordfees-kunsveiling-rondleiding,
Strauss & co: Woordfeeskunsveiling en -uitstalling,,,,,,https://woordfees.co.za/program/strauss-co-woordfeeskunsveiling-en-uitstalling/,,,,,,,,,AFR,strauss-co-woordfeeskunsveiling-en-uitstalling,
Studentediskoers: Hoe deel ons die kampus?,,,,,,https://woordfees.co.za/program/studentediskoers-hoe-deel-ons-die-kampus/,,,,,,,,,AFR,studentediskoers-hoe-deel-ons-die-kampus,
Studentediskoers: Hoe deel ons in mekaar se lekkerkry en swaarkry?,,,,,,https://woordfees.co.za/program/studentediskoers-hoe-deel-ons-in-mekaar-se-lekkerkry-en-swaarkry/,,,,,,,,,AFR,studentediskoers-hoe-deel-ons-in-mekaar-se-lekkerkry-en-swaarkry,
Studentediskoers: Hoe lyk die lewe ná jou graad?,,,,,,https://woordfees.co.za/program/studentediskoers-hoe-lyk-die-lewe-na-jou-graad/,,,,,,,,,AFR,studentediskoers-hoe-lyk-die-lewe-ná-jou-graad,
Sugar and spice,,,,,https://www.quicket.co.za/events/319683-sugar-and-spice/?preview=t,https://woordfees.co.za/program/sugar-and-spice/,,,,,,,,,AFR,sugar-and-spice,
Sy/haar/Hertzog,,,,,https://www.quicket.co.za/events/319684-sy-haar-hertzog/?preview=t,https://woordfees.co.za/program/sy-haar-hertzog/,,,,,,,,,AFR,syhaarhertzog,
Taalgenoot-Ruk en Rym-finaal met Jack Parow,,,,,https://www.quicket.co.za/events/318665-taalgenoot-ruk-en-rym-finaal-met-jack-parow/?preview=t,https://woordfees.co.za/program/taalgenoot-ruk-en-rym-finaal-met-jack-parow/,,,,,,,,,AFR,taalgenoot-ruk-en-rym-finaal-met-jack-parow,
Take Four Piano Quartet,,,,,https://www.quicket.co.za/events/318628-take-four-piano-quartet/?preview=t,https://woordfees.co.za/program/take-four-piano-quartet/,,,,,,,,,AFR,take-four-piano-quartet,
Talle tale,,,,,https://www.quicket.co.za/events/319720-dag-van-posie-talle-tale/?preview=t,https://woordfees.co.za/program/talle-tale/,,,,,,,,,AFR,talle-tale,
Teatergesprekke: Twee operas: ‘Die towerfluit’ en ‘The Barber of Seville’,,,,,,https://woordfees.co.za/program/teatergesprekke-twee-operas-die-towerfluit-en-the-barber-of-seville/,,,,,,,,,AFR,teatergesprekke-twee-operas-die-towerfluit-en-the-barber-of-seville,
Teatergesprekke: ‘Boesman en Lena’,,,,,,https://woordfees.co.za/program/teatergesprekke-boesman-en-lena/,,,,,,,,,AFR,teatergesprekke-boesman-en-lena,
Teatergesprekke: ‘Boklied’,,,,,,https://woordfees.co.za/program/teatergesprekke-boklied/,,,,,,,,,AFR,teatergesprekke-boklied,
Teatergesprekke: ‘Die ander dogter’,,,,,,https://woordfees.co.za/program/teatergesprekke-die-ander-dogter/,,,,,,,,,AFR,teatergesprekke-die-ander-dogter,
Teatergesprekke: ‘Huis van sand’,,,,,,https://woordfees.co.za/program/teatergesprekke-huis-van-sand/,,,,,,,,,AFR,teatergesprekke-huis-van-sand,
Teatergesprekke: ‘Kinderlê’,,,,,,https://woordfees.co.za/program/teatergesprekke-kinderle/,,,,,,,,,AFR,teatergesprekke-kinderlê,
The Barber of Seville,,,,,https://www.quicket.co.za/events/318686-the-barber-of-seville/?preview=t,https://woordfees.co.za/program/the-barber-of-seville/,,,,,,,,,AFR,the-barber-of-seville,
The Boat,,,,,,https://woordfees.co.za/program/the-boat/,,,,,,,,,AFR,the-boat,
The Fugue of Tjebolang,,,,,https://www.quicket.co.za/events/318581-the-fugue-of-tjebolang/?preview=t,https://woordfees.co.za/program/the-fugue-of-tjebolang/,,,,,,,,,AFR,the-fugue-of-tjebolang,
The Interpreters,,,,,https://www.quicket.co.za/events/319686-the-interpreters/?preview=t,https://woordfees.co.za/program/the-interpreters/,,,,,,,,,AFR,the-interpreters,
The Magic Flute,,,,,https://www.quicket.co.za/events/319644-die-towerfluit-the-magic-flute/?preview=t,https://woordfees.co.za/program/die-towerfluit-the-magic-flute/,,,,,,,,,AFR,the-magic-flute,
The Moon Looks Delicious From Here,,,,,https://www.quicket.co.za/events/318690-the-moon-looks-delicious-from-here/?preview=t,https://woordfees.co.za/program/the-moon-looks-delicious-from-here/,,,,,,,,,AFR,the-moon-looks-delicious-from-here,
The Professionals,,,,,https://www.quicket.co.za/events/319718-dag-van-posie-the-professionals/?preview=t,https://woordfees.co.za/program/the-professionals/,,,,,,,,,AFR,the-professionals,
The Table,,,,,https://www.quicket.co.za/events/320272-the-table/?preview=t,https://woordfees.co.za/program/the-table/,,,,,,,,,AFR,the-table,
The Ugly Noo Noo,,,,,https://www.quicket.co.za/events/318580-the-ugly-noo-noo/?preview=t,https://woordfees.co.za/program/the-ugly-noo-noo/,,,,,,,,,AFR,the-ugly-noo-noo,
Timeless South African,,,,,https://www.quicket.co.za/events/320273-timeless-south-african/#/,https://woordfees.co.za/program/timeless-south-africa/,,,,,,,,,AFR,timeless-south-african,
Toekomstige boere: Loopbaangeleenthede in landbou,,,,,,https://woordfees.co.za/program/toekomstige-boere-loopbaangeleenthede-in-landbou/,,,,,,,,,AFR,toekomstige-boere-loopbaangeleenthede-in-landbou,
Tollie Parton: Hoofseun,,,,,https://www.quicket.co.za/events/319666-tollie-parton-hoofseun?preview=t#/,https://woordfees.co.za/program/tollie-parton-hoofseun/,,,,,,,,,AFR,tollie-parton-hoofseun,
Tony Leon: Being There,,,,,https://www.quicket.co.za/events/319689-tony-leon-being-there/?preview=t,https://woordfees.co.za/program/tony-leon-being-there/,,,,,,,,,AFR,tony-leon-being-there,
Toyota Stellenbosch Woordfees Langtafel,,,,,https://www.quicket.co.za/events/320475-toyota-stellenbosch-woordfees-langtafel/?preview=t,https://woordfees.co.za/program/toyota-stellenbosch-woordfees-langtafel/,,,,,,,,,AFR,toyota-stellenbosch-woordfees-langtafel,
Trek Lager!,,,,,https://www.quicket.co.za/events/319851-trek-lager/?preview=t,https://woordfees.co.za/program/trek-lager/,,,,,,,,,AFR,trek-lager,
Trude Gunther: Figuursketse,,,,,https://www.quicket.co.za/events/320437-trude-gunther-figuursketse/?preview=t,https://woordfees.co.za/program/trude-gunther-figuursketse/,,,,,,,,,AFR,trude-gunther-figuursketse,
Tygerberg Kinderkoor: Souvenirs,,,,,https://www.quicket.co.za/events/318630-tygerberg-kinderkoor-souvenirs/?preview=t,https://woordfees.co.za/program/tygerberg-kinderkoor-souvenirs/,,,,,,,,,AFR,tygerberg-kinderkoor-souvenirs,
US Museum-uitstallings: Stellenbosch-triennale: From the vault,,,,,,https://woordfees.co.za/program/us-museum-uitstallings-stellenbosch-triennale-from-the-vault/,,,,,,,,,AFR,us-museum-uitstallings-stellenbosch-triennale-from-the-vault,
Uit die argiewe: Kreatiewe inspirasie,,,,,,https://woordfees.co.za/program/uit-die-argiewe-kreatiewe-inspirasie-met-argiefmateriaal-uit-spesiale-versamelings/,,,,,,,,,AFR,uit-die-argiewe-kreatiewe-inspirasie,
Une orange de jaffa (’n Lemoen van jaffa),,,,,,https://woordfees.co.za/program/une-orange-de-jaffa-n-lemoen-van-jaffa/,,,,,,,,,AFR,une-orange-de-jaffa-n-lemoen-van-jaffa,
"Uniondale, Leentjiesklip en Hillbrow: Stories met wysies",,,,,https://www.quicket.co.za/events/318642-uniondale-leentjiesklip-en-hillbrow-stories-met-wysies/?preview=t,https://woordfees.co.za/program/uniondale-leentjiesklip-en-hillbrow-stories-met-wysies/,,,,,,,,,AFR,uniondale-leentjiesklip-en-hillbrow-stories-met-wysies,
Universiteitskoor Stellenbosch,,,,,https://www.quicket.co.za/events/318632-universiteitskoor-stellenbosch-university-choir/?preview=t,https://woordfees.co.za/program/universiteitskoor-stellenbosch/,,,,,,,,,AFR,universiteitskoor-stellenbosch,
VIA: Bier-uur met Arno,,,,,,https://woordfees.co.za/program/via-bier-uur-met-arno/,,,,,,,,,AFR,via-bier-uur-met-arno,
VIA: Bier-uur met Beer,,,,,,https://woordfees.co.za/program/via-bier-uur-met-beer/,,,,,,,,,AFR,via-bier-uur-met-beer,
VVA-Ommietafelgesprek: Boeke en feeste – pasmaats?,,,,,,https://woordfees.co.za/program/gesprekke-oor-afrikaans-vva-ommietafelgesprek-boeke-en-feeste-pasmaats/,,,,,,,,,AFR,vva-ommietafelgesprek-boeke-en-feeste-pasmaats,
Valiant Swart: Anderkant die donker vallei,,,,,https://www.quicket.co.za/events/319732-valiant-swart-anderkant-die-donker-vallei?preview=t#/,https://woordfees.co.za/program/valiant-swart-anderkant-die-donker-vallei/,,,,,,,,,AFR,valiant-swart-anderkant-die-donker-vallei,
Van Der Aven,,,,,https://www.quicket.co.za/events/318670-van-der-aven/?preview=t,https://woordfees.co.za/program/van-der-aven/,,,,,,,,,AFR,van-der-aven,
Van Ganser Harte,,,,,https://www.quicket.co.za/events/318644-van-ganser-harte/?preview=t,https://woordfees.co.za/program/van-ganser-harte/,,,,,,,,,AFR,van-ganser-harte,
Van die pil tot menopouse: ’n Koorddans tussen gesondheid en risiko,,,,,,https://woordfees.co.za/program/science-cafe-van-die-pil-tot-menopouse-n-koordans-tussen-gesondheid-en-risiko/,,,,,,,,,AFR,van-die-pil-tot-menopouse-n-koorddans-tussen-gesondheid-en-risiko,
Van taalpaal tot totem: Kom wissel toekomswoorde met ons,,,,,,https://woordfees.co.za/program/gesprekke-oor-afrikaans-van-taalpaal-tot-totem-kom-wissel-toekomswoorde-met-ons/,,,,,,,,,AFR,van-taalpaal-tot-totem-kom-wissel-toekomswoorde-met-ons,
"Vannie wal, Af.",,,,,https://www.quicket.co.za/events/319768-vannie-wal-af?preview=t#/,https://woordfees.co.za/program/vannie-wal-af/,,,,,,,,,AFR,vannie-wal-af,
Velddraf met woorde,,,,,http://quicket.co.za/events/320486-velddraf-met-woorde/?ref=events-list,https://woordfees.co.za/program/velddraf-met-woorde/,,,,,,,,,AFR,velddraf-met-woorde,
Viola Dialogues,,,,,https://www.quicket.co.za/events/318548-viola-dialogues/?preview=t,https://woordfees.co.za/program/viola-dialogues/,,,,,,,,,AFR,viola-dialogues,
Voces Cordis,,,,,https://www.quicket.co.za/events/318635-voces-cordis/?preview=t,https://woordfees.co.za/program/voces-cordis/,,,,,,,,,AFR,voces-cordis,
Vrag in vraag,,,,,,https://woordfees.co.za/program/vrag-in-vraag/,,,,,,,,,AFR,vrag-in-vraag,
Vredemaker,,,,,https://www.quicket.co.za/events/319692-vredemaker/?preview=t,https://woordfees.co.za/program/vredemaker/,,,,,,,,,AFR,vredemaker,
WOW-Skrywersfees: Skrywersgesprek Gr. 10-12,,,,,,https://woordfees.co.za/program/wow-skrywersfees-skrywersgesprek-gr-10-12/,,,,,,,,,AFR,wow-skrywersfees-skrywersgesprek-gr-10-12,
WOW-Skrywersfees: Skrywersgesprek: Gr. 4-5,,,,,,https://woordfees.co.za/program/wow-skrywersfees-skrywersgesprek-gr-4-5/,,,,,,,,,AFR,wow-skrywersfees-skrywersgesprek-gr-4-5,
WOW-Skrywersfees: Skrywersgesprek: Gr. 8-9,,,,,,https://woordfees.co.za/program/wow-skrywersfees-skrywersgesprek-gr-8-9/,,,,,,,,,AFR,wow-skrywersfees-skrywersgesprek-gr-8-9,
We Two From Heaven,,,,,https://www.quicket.co.za/events/319694-we-two-from-heaven/?preview=t,https://woordfees.co.za/program/we-two-from-heaven/,,,,,,,,,AFR,we-two-from-heaven,
Wees gewaarsku!,,,,,,https://woordfees.co.za/program/naggesprekke-driftig-in-die-doker-wees-gewaarsku/,,,,,,,,,AFR,wees-gewaarsku,
Why the Cattle Wait,,,,,,https://woordfees.co.za/program/why-the-cattle-wait/,,,,,,,,,AFR,why-the-cattle-wait,
Will Linley,,,,,https://www.quicket.co.za/events/318515-will-linley/?preview=t,https://woordfees.co.za/program/will-linley/,,,,,,,,,AFR,will-linley,
Wisselwerk,,,,,https://www.quicket.co.za/events/319711-wisselwerk/?preview=t,https://woordfees.co.za/program/wisselwerk/,,,,,,,,,AFR,wisselwerk,
Wolraad Woltemade 250,,,,,https://www.quicket.co.za/events/319713-geskiedenisdag-wolraad-woltemade-250/?preview=t,https://woordfees.co.za/program/wolraad-woltemade-250/,,,,,,,,,AFR,wolraad-woltemade-250,
Woordedief,,,,,https://www.quicket.co.za/events/319719-woordedief?preview=t#/,https://woordfees.co.za/program/woordedief/,,,,,,,,,AFR,woordedief,
Woordfees-straatsoirée,,,,,https://www.quicket.co.za/events/320473-woordfees-straatsoire/?preview=t,https://woordfees.co.za/program/woordfees-straatsoiree/,,,,,,,,,AFR,woordfees-straatsoirée,
Woordfees-wynskool: Bubbly 101,,,,,https://www.quicket.co.za/events/320477-woordfees-wynskool-bubbly-101/?preview=t,https://woordfees.co.za/program/woordfees-wynskool-bubbly-101/,,,,,,,,,AFR,woordfees-wynskool-bubbly-101,
Woordfees-wynskool: Chenin Blanc 101,,,,,https://www.quicket.co.za/events/320478-woordfees-wynskool-chenin-101/?preview=t,https://woordfees.co.za/program/woordfees-wynskool-chenin-blanc-101/,,,,,,,,,AFR,woordfees-wynskool-chenin-blanc-101,
Woordfees-wynskool: Pinotage 101,,,,,https://www.quicket.co.za/events/320479-woordfees-wynskool-pinotage-101/?preview=t,https://woordfees.co.za/program/woordfees-wynskool-pinotage-101/,,,,,,,,,AFR,woordfees-wynskool-pinotage-101,
Wynproe met VIA,,,,,,https://woordfees.co.za/program/wynproe-met-via/,,,,,,,,,AFR,wynproe-met-via,
Zanne Stapelberg: Once Upon a Tune,,,,,https://www.quicket.co.za/events/319727-zanne-stapelberg-once-upon-a-tune?preview=t#/,https://woordfees.co.za/program/zanne-stapelberg-once-upon-a-tune/,,,,,,,,,AFR,zanne-stapelberg-once-upon-a-tune,
Zoid Psalms,,,,,https://www.quicket.co.za/events/320274-zoid-psalms/?preview=t,https://woordfees.co.za/program/zoid-psalms/,,,,,,,,,AFR,zoid-psalms,
planeet BABA,,,,,https://www.quicket.co.za/events/318539-planeet-baba/?preview=t,https://woordfees.co.za/program/planeet-baba/,,,,,,,,,AFR,planeet-baba,
’n Aand by Klein Alto,,,,,https://www.quicket.co.za/events/320482-n-aand-by-klein-alto/?preview=t,https://woordfees.co.za/program/n-aand-by-klein-alto/,,,,,,,,,AFR,n-aand-by-klein-alto,
’n Aand van passie: Skrywerspartytjie,,,,,https://www.quicket.co.za/events/319575-n-aand-van-passie-skrywerspartytjie/?preview=t,https://woordfees.co.za/program/n-aand-van-passie-skrywerspartytjie/,,,,,,,,,AFR,n-aand-van-passie-skrywerspartytjie,
’n Begin,,,,,https://www.quicket.co.za/events/319471-n-begin/?preview=t,https://woordfees.co.za/program/n-begin/,,,,,,,,,AFR,n-begin,
’n Hemel wat kan opvou,,,,,https://www.quicket.co.za/events/318368-n-hemel-wat-kan-opvou/?preview=t,https://woordfees.co.za/program/n-hemel-wat-kan-opvou/,,,,,,,,,AFR,n-hemel-wat-kan-opvou,
“KUNS”,,,,,https://www.quicket.co.za/events/318568-kuns/?preview=t,https://woordfees.co.za/program/kuns/,,,,,,,,,AFR,kuns,
